date,count,total_count,ratio
"2011-01-01","1","6925","0.00014440433213"
"2011-01-02","0","23664","0"
"2011-01-03","6","37050","0.000161943319838"
"2011-01-04","1","13976","7.15512306812e-05"
"2011-01-05","1","14749","6.78012068615e-05"
"2011-01-06","1","15517","6.44454469292e-05"
"2011-01-07","0","14720","0"
"2011-01-08","0","9810","0"
"2011-01-09","0","9319","0"
"2011-01-10","3","13717","0.000218706714296"
"2011-01-11","1","14444","6.92328994738e-05"
"2011-01-12","5","14993","0.000333488961515"
"2011-01-13","1","14857","6.73083395033e-05"
"2011-01-14","3","14656","0.000204694323144"
"2011-01-15","1","9538","0.000104843782764"
"2011-01-16","2","8964","0.000223114680946"
"2011-01-17","0","12188","0"
"2011-01-18","0","14074","0"
"2011-01-19","5","14739","0.000339236040437"
"2011-01-20","4","15208","0.00026301946344"
"2011-01-21","2","14434","0.00013856172925"
"2011-01-22","1","9361","0.000106826193783"
"2011-01-23","5","8613","0.000580517821897"
"2011-01-24","4","13646","0.000293126190825"
"2011-01-25","0","14489","0"
"2011-01-26","1","15516","6.44496004125e-05"
"2011-01-27","0","15186","0"
"2011-01-28","2","14614","0.00013685507048"
"2011-01-29","2","9365","0.000213561131874"
"2011-01-30","0","8553","0"
"2011-01-31","0","13538","0"
"2011-02-01","2","14501","0.000137921522654"
"2011-02-02","1","14906","6.70870790286e-05"
"2011-02-03","1","9957","0.000100431856985"
"2011-02-04","0","13712","0"
"2011-02-05","0","8479","0"
"2011-02-06","0","8950","0"
"2011-02-07","0","13049","0"
"2011-02-08","0","13982","0"
"2011-02-09","0","14638","0"
"2011-02-10","1","15038","6.64982045485e-05"
"2011-02-11","1","14726","6.7907103083e-05"
"2011-02-12","0","9338","0"
"2011-02-13","0","8716","0"
"2011-02-14","0","13745","0"
"2011-02-15","1","14645","6.8282690338e-05"
"2011-02-16","0","15311","0"
"2011-02-17","0","15127","0"
"2011-02-18","1","14651","6.82547266398e-05"
"2011-02-19","1","8955","0.000111669458403"
"2011-02-20","0","8474","0"
"2011-02-21","1","11895","8.4068936528e-05"
"2011-02-22","2","12994","0.00015391719255"
"2011-02-23","0","12789","0"
"2011-02-24","1","16327","6.12482391131e-05"
"2011-02-25","0","14641","0"
"2011-02-26","0","9486","0"
"2011-02-27","0","8927","0"
"2011-02-28","1","14396","6.94637399278e-05"
"2011-03-01","0","14657","0"
"2011-03-02","1","15083","6.62998077306e-05"
"2011-03-03","1","15703","6.3682098962e-05"
"2011-03-04","0","14689","0"
"2011-03-05","0","9524","0"
"2011-03-06","1","8937","0.000111894371713"
"2011-03-07","0","12684","0"
"2011-03-08","0","14366","0"
"2011-03-09","1","15116","6.61550674782e-05"
"2011-03-10","1","15499","6.45202916317e-05"
"2011-03-11","2","14946","0.000133815067577"
"2011-03-12","1","9943","0.000100573267625"
"2011-03-13","0","9245","0"
"2011-03-14","5","14303","0.000349577011816"
"2011-03-15","1","14930","6.69792364367e-05"
"2011-03-16","2","15876","0.000125976316453"
"2011-03-17","0","15774","0"
"2011-03-18","0","15080","0"
"2011-03-19","0","10034","0"
"2011-03-20","1","9344","0.000107020547945"
"2011-03-21","0","14975","0"
"2011-03-22","1","15011","6.66178136034e-05"
"2011-03-23","1","16016","6.24375624376e-05"
"2011-03-24","2","16138","0.000123931094312"
"2011-03-25","0","15190","0"
"2011-03-26","0","9774","0"
"2011-03-27","0","9216","0"
"2011-03-28","1","15125","6.61157024793e-05"
"2011-03-29","3","15031","0.000199587519127"
"2011-03-30","1","15769","6.3415562179e-05"
"2011-03-31","0","15682","0"
"2011-04-01","2","15190","0.000131665569454"
"2011-04-02","1","9876","0.000101255569056"
"2011-04-03","0","9060","0"
"2011-04-04","0","15053","0"
"2011-04-05","1","14908","6.70780788838e-05"
"2011-04-06","0","16175","0"
"2011-04-07","0","10353","0"
"2011-04-08","0","15647","0"
"2011-04-09","0","9634","0"
"2011-04-10","1","9080","0.00011013215859"
"2011-04-11","0","14929","0"
"2011-04-12","1","14997","6.66800026672e-05"
"2011-04-13","0","15710","0"
"2011-04-14","0","15444","0"
"2011-04-15","0","15347","0"
"2011-04-16","0","9627","0"
"2011-04-17","0","8784","0"
"2011-04-18","16","14456","0.0011068068622"
"2011-04-19","0","14873","0"
"2011-04-20","2","15836","0.000126294518818"
"2011-04-21","0","16007","0"
"2011-04-22","2","14098","0.000141864094198"
"2011-04-23","0","9232","0"
"2011-04-24","1","8248","0.000121241513094"
"2011-04-25","1","13928","7.17978173464e-05"
"2011-04-26","1","15414","6.48760866745e-05"
"2011-04-27","1","16121","6.20308913839e-05"
"2011-04-28","0","16068","0"
"2011-04-29","1","15391","6.497303619e-05"
"2011-04-30","3","10118","0.000296501284839"
"2011-05-01","0","9188","0"
"2011-05-02","0","15251","0"
"2011-05-03","1","15065","6.63790242283e-05"
"2011-05-04","0","16108","0"
"2011-05-05","0","16257","0"
"2011-05-06","1","14920","6.70241286863e-05"
"2011-05-07","3","9442","0.000317729294641"
"2011-05-08","1","8791","0.000113752701627"
"2011-05-09","2","14402","0.000138869601444"
"2011-05-10","7","15254","0.000458896027272"
"2011-05-11","13","15882","0.000818536708223"
"2011-05-12","0","16164","0"
"2011-05-13","0","15507","0"
"2011-05-14","0","9094","0"
"2011-05-15","0","8892","0"
"2011-05-16","5","14610","0.000342231348392"
"2011-05-17","2","14974","0.000133564845733"
"2011-05-18","2","15226","0.000131354262446"
"2011-05-19","5","16024","0.000312031952072"
"2011-05-20","3","15217","0.000197147926661"
"2011-05-21","1","9196","0.000108742931709"
"2011-05-22","2","8877","0.000225301340543"
"2011-05-23","0","14087","0"
"2011-05-24","2","14543","0.000137523207041"
"2011-05-25","3","15558","0.000192826841496"
"2011-05-26","3","15522","0.000193274062621"
"2011-05-27","2","14176","0.000141083521445"
"2011-05-28","5","9111","0.000548787180331"
"2011-05-29","4","8420","0.000475059382423"
"2011-05-30","0","9194","0"
"2011-05-31","1","13369","7.47999102401e-05"
"2011-06-01","2","15442","0.000129516901956"
"2011-06-02","2","15806","0.000126534227509"
"2011-06-03","1","14937","6.69478476267e-05"
"2011-06-04","0","9469","0"
"2011-06-05","1","8711","0.00011479738262"
"2011-06-06","2","14216","0.000140686550366"
"2011-06-07","0","15090","0"
"2011-06-08","0","15407","0"
"2011-06-09","1","15225","6.56814449918e-05"
"2011-06-10","0","14761","0"
"2011-06-11","1","8944","0.000111806797853"
"2011-06-12","2","8887","0.000225047822662"
"2011-06-13","2","13698","0.000146006716309"
"2011-06-14","1","8715","0.000114744693058"
"2011-06-15","2","9742","0.000205296653665"
"2011-06-16","4","16223","0.000246563520927"
"2011-06-17","0","14699","0"
"2011-06-18","1","8958","0.000111632060728"
"2011-06-19","1","8379","0.000119345984008"
"2011-06-20","0","13306","0"
"2011-06-21","0","14415","0"
"2011-06-22","1","15200","6.57894736842e-05"
"2011-06-23","2","15157","0.000131952233292"
"2011-06-24","0","14539","0"
"2011-06-25","2","8950","0.000223463687151"
"2011-06-26","2","8052","0.000248385494287"
"2011-06-27","7","13479","0.000519326359522"
"2011-06-28","4","14201","0.000281670304908"
"2011-06-29","0","14940","0"
"2011-06-30","1","14594","6.85213101274e-05"
"2011-07-01","0","14223","0"
"2011-07-02","0","8348","0"
"2011-07-03","2","7783","0.000256970319928"
"2011-07-04","0","8903","0"
"2011-07-05","0","12477","0"
"2011-07-06","10","14488","0.000690226394257"
"2011-07-07","5","14412","0.000346933111296"
"2011-07-08","0","14050","0"
"2011-07-09","0","8659","0"
"2011-07-10","0","8386","0"
"2011-07-11","0","13202","0"
"2011-07-12","2","13747","0.000145486287917"
"2011-07-13","0","14353","0"
"2011-07-14","1","14470","6.91085003455e-05"
"2011-07-15","0","13969","0"
"2011-07-16","4","8252","0.000484730974309"
"2011-07-17","1","6607","0.000151354623884"
"2011-07-18","1","9597","0.000104199228926"
"2011-07-19","1","14228","7.02839471465e-05"
"2011-07-20","4","14699","0.000272127355602"
"2011-07-21","3","14497","0.000206939366766"
"2011-07-22","4","13746","0.000290993743635"
"2011-07-23","1","8709","0.000114823745551"
"2011-07-24","0","8114","0"
"2011-07-25","2","13087","0.000152823412547"
"2011-07-26","0","14220","0"
"2011-07-27","2","14531","0.000137636776547"
"2011-07-28","1","15223","6.56900742298e-05"
"2011-07-29","0","14317","0"
"2011-07-30","1","8869","0.000112752283234"
"2011-07-31","1","7906","0.000126486213003"
"2011-08-01","0","13624","0"
"2011-08-02","1","13765","7.26480203414e-05"
"2011-08-03","0","14452","0"
"2011-08-04","1","14523","6.88562969084e-05"
"2011-08-05","1","14041","7.12199985756e-05"
"2011-08-06","0","8649","0"
"2011-08-07","1","8050","0.000124223602484"
"2011-08-08","10","13404","0.000746045956431"
"2011-08-09","2","13985","0.000143010368252"
"2011-08-10","2","14084","0.000142005112184"
"2011-08-11","0","14618","0"
"2011-08-12","1","13949","7.16897268621e-05"
"2011-08-13","0","9008","0"
"2011-08-14","0","8228","0"
"2011-08-15","0","13427","0"
"2011-08-16","1","13860","7.21500721501e-05"
"2011-08-17","0","14276","0"
"2011-08-18","1","13896","7.19631548647e-05"
"2011-08-19","9","13386","0.000672344240251"
"2011-08-20","1","7950","0.000125786163522"
"2011-08-21","1","7608","0.000131440588854"
"2011-08-22","1","12418","8.05282654212e-05"
"2011-08-23","0","13075","0"
"2011-08-24","0","13341","0"
"2011-08-25","2","14096","0.000141884222474"
"2011-08-26","0","13042","0"
"2011-08-27","2","8342","0.000239750659314"
"2011-08-28","0","7663","0"
"2011-08-29","0","12066","0"
"2011-08-30","0","13022","0"
"2011-08-31","0","13254","0"
"2011-09-01","3","13689","0.000219154065308"
"2011-09-02","0","13643","0"
"2011-09-03","0","8517","0"
"2011-09-04","0","7821","0"
"2011-09-05","0","8926","0"
"2011-09-06","1","12582","7.94786202512e-05"
"2011-09-07","0","14045","0"
"2011-09-08","0","14580","0"
"2011-09-09","1","14191","7.04671975196e-05"
"2011-09-10","1","8833","0.000113211819314"
"2011-09-11","0","8645","0"
"2011-09-12","0","13332","0"
"2011-09-13","1","14148","7.06813683913e-05"
"2011-09-14","0","14218","0"
"2011-09-15","0","14303","0"
"2011-09-16","1","13936","7.17566016073e-05"
"2011-09-17","0","8748","0"
"2011-09-18","0","8558","0"
"2011-09-19","1","13542","7.38443361394e-05"
"2011-09-20","3","14246","0.000210585427488"
"2011-09-21","1","14770","6.77048070413e-05"
"2011-09-22","1","14786","6.76315433518e-05"
"2011-09-23","0","14474","0"
"2011-09-24","0","9382","0"
"2011-09-25","0","8689","0"
"2011-09-26","5","13704","0.000364856976065"
"2011-09-27","4","13888","0.00028801843318"
"2011-09-28","1","14515","6.88942473303e-05"
"2011-09-29","8","14473","0.000552753402888"
"2011-09-30","3","14156","0.000211924272393"
"2011-10-01","0","8967","0"
"2011-10-02","1","8517","0.000117412234355"
"2011-10-03","3","14014","0.000214071642643"
"2011-10-04","3","14134","0.000212254138956"
"2011-10-05","2","14210","0.000140745953554"
"2011-10-06","1","14916","6.70421024403e-05"
"2011-10-07","1","13951","7.16794495018e-05"
"2011-10-08","0","9073","0"
"2011-10-09","12","8420","0.00142517814727"
"2011-10-10","1","13023","7.67872226062e-05"
"2011-10-11","0","13672","0"
"2011-10-12","1","14395","6.94685654741e-05"
"2011-10-13","1","15175","6.58978583196e-05"
"2011-10-14","0","14791","0"
"2011-10-15","0","8877","0"
"2011-10-16","0","8616","0"
"2011-10-17","0","13990","0"
"2011-10-18","0","14245","0"
"2011-10-19","1","14889","6.7163677883e-05"
"2011-10-20","2","13312","0.000150240384615"
"2011-10-21","1","10367","9.64599209029e-05"
"2011-10-22","2","7704","0.000259605399792"
"2011-10-23","1","7724","0.000129466597618"
"2011-10-24","0","13945","0"
"2011-10-25","2","14679","0.000136249063288"
"2011-10-26","0","14859","0"
"2011-10-27","1","9364","0.000106791969244"
"2011-10-28","11","12879","0.00085410357947"
"2011-10-29","1","8571","0.000116672500292"
"2011-10-30","0","8409","0"
"2011-10-31","3","12834","0.000233754090697"
"2011-11-01","2","11301","0.000176975488895"
"2011-11-02","0","12137","0"
"2011-11-03","0","13704","0"
"2011-11-04","1","14012","7.1367399372e-05"
"2011-11-05","0","4223","0"
"2011-11-06","1","6109","0.000163692912097"
"2011-11-07","0","13841","0"
"2011-11-08","1","13771","7.26163677293e-05"
"2011-11-09","1","15003","6.66533359995e-05"
"2011-11-10","0","14531","0"
"2011-11-11","0","13581","0"
"2011-11-12","0","7163","0"
"2011-11-13","2","8861","0.00022570815935"
"2011-11-14","1","13764","7.26532984598e-05"
"2011-11-15","0","6686","0"
"2011-11-16","0","6411","0"
"2011-11-17","4","14285","0.0002800140007"
"2011-11-18","1","14309","6.98860856803e-05"
"2011-11-19","3","9002","0.000333259275717"
"2011-11-20","1","7927","0.000126151129053"
"2011-11-21","6","12930","0.00046403712297"
"2011-11-22","1","12664","7.89639924195e-05"
"2011-11-23","1","13272","7.53465943339e-05"
"2011-11-24","1","8583","0.000116509379005"
"2011-11-25","0","9126","0"
"2011-11-26","2","7346","0.000272257010618"
"2011-11-27","0","4789","0"
"2011-11-28","1","7518","0.000133014099495"
"2011-11-29","0","6429","0"
"2011-11-30","2","8614","0.000232180171813"
"2011-12-01","4","9969","0.000401243855953"
"2011-12-02","3","12253","0.000244837998857"
"2011-12-03","0","7847","0"
"2011-12-04","1","6664","0.00015006002401"
"2011-12-05","1","12097","8.26651235844e-05"
"2011-12-06","3","12304","0.000243823146944"
"2011-12-07","1","12629","7.91828331618e-05"
"2011-12-08","1","12817","7.80213778575e-05"
"2011-12-09","1","12279","8.14398566659e-05"
"2011-12-10","0","7621","0"
"2011-12-11","2","7267","0.000275216733177"
"2011-12-12","3","12027","0.000249438762784"
"2011-12-13","1","11981","8.34654870211e-05"
"2011-12-14","0","12521","0"
"2011-12-15","1","13078","7.6464291176e-05"
"2011-12-16","1","12149","8.23113013417e-05"
"2011-12-17","0","7476","0"
"2011-12-18","1","6726","0.000148676776687"
"2011-12-19","0","11266","0"
"2011-12-20","2","11767","0.000169966856463"
"2011-12-21","0","11868","0"
"2011-12-22","2","12043","0.00016607157685"
"2011-12-23","1","10870","9.19963201472e-05"
"2011-12-24","0","6550","0"
"2011-12-25","1","5017","0.000199322304166"
"2011-12-26","0","6413","0"
"2011-12-27","0","10328","0"
"2011-12-28","0","12265","0"
"2011-12-29","1","12652","7.90388871325e-05"
"2011-12-30","0","12274","0"
"2011-12-31","0","8793","0"
"2012-01-01","1","7822","0.000127844541038"
"2012-01-02","3","9735","0.000308166409861"
"2012-01-03","2","12259","0.000163145444163"
"2012-01-04","0","14477","0"
"2012-01-05","7","14448","0.000484496124031"
"2012-01-06","0","14608","0"
"2012-01-07","0","9331","0"
"2012-01-08","0","8820","0"
"2012-01-09","0","13805","0"
"2012-01-10","3","14925","0.000201005025126"
"2012-01-11","6","15226","0.000394062787337"
"2012-01-12","0","14380","0"
"2012-01-13","1","14501","6.89607613268e-05"
"2012-01-14","1","9453","0.000105786522797"
"2012-01-15","1","8277","0.000120816721034"
"2012-01-16","0","11379","0"
"2012-01-17","1","13424","7.44934445769e-05"
"2012-01-18","1","14593","6.85260056191e-05"
"2012-01-19","6","15206","0.000394581086413"
"2012-01-20","0","15582","0"
"2012-01-21","1","9001","0.000111098766804"
"2012-01-22","1","9125","0.000109589041096"
"2012-01-23","1","12910","7.74593338497e-05"
"2012-01-24","1","14526","6.8842076277e-05"
"2012-01-25","0","15127","0"
"2012-01-26","5","14805","0.000337723741979"
"2012-01-27","0","14725","0"
"2012-01-28","1","9862","0.000101399310485"
"2012-01-29","0","8503","0"
"2012-01-30","1","13373","7.47775368279e-05"
"2012-01-31","2","14023","0.000142622833916"
"2012-02-01","1","14565","6.86577411603e-05"
"2012-02-02","2","15372","0.000130106687484"
"2012-02-03","0","14004","0"
"2012-02-04","2","8880","0.000225225225225"
"2012-02-05","0","8270","0"
"2012-02-06","1","12183","8.20815890996e-05"
"2012-02-07","5","13695","0.000365096750639"
"2012-02-08","7","13803","0.000507136129827"
"2012-02-09","0","14665","0"
"2012-02-10","2","13955","0.000143317807238"
"2012-02-11","2","8868","0.000225529995489"
"2012-02-12","0","8349","0"
"2012-02-13","7","8578","0.000816041035206"
"2012-02-14","0","9273","0"
"2012-02-15","1","14490","6.90131124914e-05"
"2012-02-16","1","14745","6.78195998644e-05"
"2012-02-17","3","14067","0.000213265088505"
"2012-02-18","2","8966","0.000223064911889"
"2012-02-19","2","8306","0.000240789790513"
"2012-02-20","22","10600","0.00207547169811"
"2012-02-21","2","9264","0.000215889464594"
"2012-02-22","3","12818","0.000234045872991"
"2012-02-23","0","14535","0"
"2012-02-24","5","14039","0.000356150722986"
"2012-02-25","0","9059","0"
"2012-02-26","0","8508","0"
"2012-02-27","3","13155","0.000228050171038"
"2012-02-28","2","13980","0.000143061516452"
"2012-02-29","1","14465","6.9132388524e-05"
"2012-03-01","0","14706","0"
"2012-03-02","0","14173","0"
"2012-03-03","0","9158","0"
"2012-03-04","0","8564","0"
"2012-03-05","0","12920","0"
"2012-03-06","4","14119","0.000283306183157"
"2012-03-07","8","14495","0.00055191445326"
"2012-03-08","3","14584","0.000205704882063"
"2012-03-09","5","14384","0.000347608453838"
"2012-03-10","0","8926","0"
"2012-03-11","2","7779","0.000257102455328"
"2012-03-12","0","9103","0"
"2012-03-13","1","13758","7.26849832825e-05"
"2012-03-14","1","14359","6.96427327808e-05"
"2012-03-15","2","14314","0.000139723347771"
"2012-03-16","2","13940","0.000143472022956"
"2012-03-17","3","8715","0.000344234079174"
"2012-03-18","2","8032","0.000249003984064"
"2012-03-19","3","12933","0.000231964741359"
"2012-03-20","1","13839","7.22595563263e-05"
"2012-03-21","1","14494","6.89940665103e-05"
"2012-03-22","1","14632","6.83433570257e-05"
"2012-03-23","0","14350","0"
"2012-03-24","0","8869","0"
"2012-03-25","0","8436","0"
"2012-03-26","0","12253","0"
"2012-03-27","3","12377","0.00024238506908"
"2012-03-28","0","15824","0"
"2012-03-29","1","14520","6.8870523416e-05"
"2012-03-30","0","14288","0"
"2012-03-31","4","8695","0.000460034502588"
"2012-04-01","2","8043","0.000248663434042"
"2012-04-02","0","12852","0"
"2012-04-03","0","13521","0"
"2012-04-04","0","14266","0"
"2012-04-05","2","14245","0.0001404001404"
"2012-04-06","1","12619","7.92455820588e-05"
"2012-04-07","0","8451","0"
"2012-04-08","0","8224","0"
"2012-04-09","1","11972","8.35282325426e-05"
"2012-04-10","3","12959","0.000231499344085"
"2012-04-11","0","14772","0"
"2012-04-12","0","16519","0"
"2012-04-13","1","14769","6.77093912926e-05"
"2012-04-14","2","8944","0.000223613595707"
"2012-04-15","0","8646","0"
"2012-04-16","1","12893","7.7561467463e-05"
"2012-04-17","0","14295","0"
"2012-04-18","0","14086","0"
"2012-04-19","11","14006","0.000785377695273"
"2012-04-20","2","13943","0.000143441153267"
"2012-04-21","2","8206","0.000243724104314"
"2012-04-22","3","8106","0.000370096225019"
"2012-04-23","0","12740","0"
"2012-04-24","5","15801","0.000316435668629"
"2012-04-25","1","15263","6.55179191509e-05"
"2012-04-26","0","15079","0"
"2012-04-27","1","14179","7.05268354609e-05"
"2012-04-28","0","8746","0"
"2012-04-29","0","8030","0"
"2012-04-30","5","12561","0.0003980574795"
"2012-05-01","2","13151","0.000152079689757"
"2012-05-02","1","14996","6.66844491864e-05"
"2012-05-03","1","14453","6.91897875874e-05"
"2012-05-04","2","20179","9.91129391942e-05"
"2012-05-05","0","8355","0"
"2012-05-06","1","8025","0.0001246105919"
"2012-05-07","9","11164","0.000806162665711"
"2012-05-08","3","14333","0.000209307193191"
"2012-05-09","4","14033","0.000285042400057"
"2012-05-10","1","14083","7.1007597813e-05"
"2012-05-11","1","13500","7.40740740741e-05"
"2012-05-12","0","8124","0"
"2012-05-13","1","7808","0.000128073770492"
"2012-05-14","2","13202","0.000151492198152"
"2012-05-15","11","12735","0.00086376128779"
"2012-05-16","0","13984","0"
"2012-05-17","3","13730","0.000218499635834"
"2012-05-18","2","13830","0.000144613159798"
"2012-05-19","0","8151","0"
"2012-05-20","1","7974","0.000125407574618"
"2012-05-21","1","13101","7.63300511411e-05"
"2012-05-22","1","13491","7.41234897339e-05"
"2012-05-23","0","14178","0"
"2012-05-24","2","13695","0.000146038700256"
"2012-05-25","3","12876","0.000232991612302"
"2012-05-26","3","7838","0.00038275070171"
"2012-05-27","0","7325","0"
"2012-05-28","4","8166","0.000489835904972"
"2012-05-29","0","10703","0"
"2012-05-30","0","11776","0"
"2012-05-31","2","12545","0.000159426066162"
"2012-06-01","1","14667","6.81802686303e-05"
"2012-06-02","0","8996","0"
"2012-06-03","1","8422","0.000118736642128"
"2012-06-04","1","11535","8.6692674469e-05"
"2012-06-05","1","11563","8.6482746692e-05"
"2012-06-06","0","12731","0"
"2012-06-07","1","12422","8.05023345677e-05"
"2012-06-08","1","11879","8.41821702163e-05"
"2012-06-09","0","6654","0"
"2012-06-10","0","8113","0"
"2012-06-11","1","11391","8.77886050391e-05"
"2012-06-12","2","15143","0.000132074225715"
"2012-06-13","3","15197","0.000197407383036"
"2012-06-14","3","14554","0.000206128899272"
"2012-06-15","0","14398","0"
"2012-06-16","0","8245","0"
"2012-06-17","1","8085","0.000123685837972"
"2012-06-18","0","14410","0"
"2012-06-19","6","15260","0.000393184796855"
"2012-06-20","5","15616","0.00032018442623"
"2012-06-21","2","15804","0.000126550240445"
"2012-06-22","2","15052","0.000132872707946"
"2012-06-23","1","8759","0.000114168284051"
"2012-06-24","0","8033","0"
"2012-06-25","2","13629","0.000146745909458"
"2012-06-26","3","13879","0.000216153901578"
"2012-06-27","0","14885","0"
"2012-06-28","7","14593","0.000479682039334"
"2012-06-29","1","12505","7.99680127949e-05"
"2012-06-30","0","5049","0"
"2012-07-01","2","4877","0.000410088168956"
"2012-07-02","2","8577","0.000233181765186"
"2012-07-03","3","9263","0.000323869156861"
"2012-07-04","2","6175","0.000323886639676"
"2012-07-05","2","8553","0.000233836080907"
"2012-07-06","2","8865","0.000225606316977"
"2012-07-07","3","4891","0.000613371498671"
"2012-07-08","1","4748","0.000210614995788"
"2012-07-09","1","8492","0.000117757889779"
"2012-07-10","3","9148","0.00032794053345"
"2012-07-11","1","9484","0.000105440742303"
"2012-07-12","2","9551","0.000209402156842"
"2012-07-13","4","9320","0.000429184549356"
"2012-07-14","1","4881","0.00020487604999"
"2012-07-15","1","2211","0.000452284034374"
"2012-07-16","0","2871","0"
"2012-07-17","0","4846","0"
"2012-07-18","0","9749","0"
"2012-07-19","2","9987","0.00020026033844"
"2012-07-20","0","9385","0"
"2012-07-21","2","5186","0.000385653682993"
"2012-07-22","0","5161","0"
"2012-07-23","3","8695","0.000345025876941"
"2012-07-24","0","9489","0"
"2012-07-25","1","10108","9.89315393748e-05"
"2012-07-26","3","10159","0.00029530465597"
"2012-07-27","1","9551","0.000104701078421"
"2012-07-28","1","5408","0.000184911242604"
"2012-07-29","0","4923","0"
"2012-07-30","0","8895","0"
"2012-07-31","0","9863","0"
"2012-08-01","1","10933","9.14662032379e-05"
"2012-08-02","1","12992","7.69704433498e-05"
"2012-08-03","3","9902","0.000302969097152"
"2012-08-04","4","5899","0.000678081030683"
"2012-08-05","6","5921","0.00101334234082"
"2012-08-06","2","13103","0.000152636800733"
"2012-08-07","3","13918","0.00021554821095"
"2012-08-08","2","15550","0.000128617363344"
"2012-08-09","0","14478","0"
"2012-08-10","3","13903","0.000215780766741"
"2012-08-11","5","9093","0.000549873529088"
"2012-08-12","2","8166","0.000244917952486"
"2012-08-13","1","12769","7.83146683374e-05"
"2012-08-14","2","13274","0.000150670483652"
"2012-08-15","4","14175","0.000282186948854"
"2012-08-16","0","14202","0"
"2012-08-17","6","13536","0.000443262411348"
"2012-08-18","2","7991","0.000250281566763"
"2012-08-19","0","7368","0"
"2012-08-20","2","13181","0.000151733555876"
"2012-08-21","0","13448","0"
"2012-08-22","0","13829","0"
"2012-08-23","0","13999","0"
"2012-08-24","0","13413","0"
"2012-08-25","1","8510","0.000117508813161"
"2012-08-26","0","8091","0"
"2012-08-27","1","12908","7.74713356058e-05"
"2012-08-28","2","14528","0.000137665198238"
"2012-08-29","2","16519","0.000121072704159"
"2012-08-30","6","15737","0.000381267077588"
"2012-08-31","14","15387","0.000909858971859"
"2012-09-01","2","9176","0.000217959895379"
"2012-09-02","0","8564","0"
"2012-09-03","0","10033","0"
"2012-09-04","7","14596","0.00047958344752"
"2012-09-05","4","16623","0.000240630451784"
"2012-09-06","2","16380","0.0001221001221"
"2012-09-07","2","15654","0.000127762872109"
"2012-09-08","2","9196","0.000217485863419"
"2012-09-09","0","8989","0"
"2012-09-10","2","14209","0.000140755858963"
"2012-09-11","3","15329","0.000195707482549"
"2012-09-12","1","18814","5.31519081535e-05"
"2012-09-13","9","20452","0.00044005476237"
"2012-09-14","2","19635","0.000101858925388"
"2012-09-15","0","11774","0"
"2012-09-16","1","11458","8.72752661896e-05"
"2012-09-17","0","18882","0"
"2012-09-18","3","20059","0.000149558801535"
"2012-09-19","0","21120","0"
"2012-09-20","4","21175","0.000188902007084"
"2012-09-21","1","15924","6.27982918865e-05"
"2012-09-22","0","9246","0"
"2012-09-23","1","10890","9.18273645546e-05"
"2012-09-24","2","19392","0.000103135313531"
"2012-09-25","1","15935","6.27549419517e-05"
"2012-09-26","1","20625","4.84848484848e-05"
"2012-09-27","2","21536","9.2867756315e-05"
"2012-09-28","2","21157","9.45313607789e-05"
"2012-09-29","0","11650","0"
"2012-09-30","7","9339","0.000749544919156"
"2012-10-01","31","20299","0.00152716882605"
"2012-10-02","2","20580","9.71817298348e-05"
"2012-10-03","1","20705","4.82975126781e-05"
"2012-10-04","6","22132","0.000271100668715"
"2012-10-05","6","20223","0.000296691885477"
"2012-10-06","0","11354","0"
"2012-10-07","1","10672","9.37031484258e-05"
"2012-10-08","8","17214","0.00046473800395"
"2012-10-09","0","16301","0"
"2012-10-10","1","18570","5.38502961766e-05"
"2012-10-11","5","18534","0.000269774468544"
"2012-10-12","2","18116","0.000110399646721"
"2012-10-13","1","10683","9.36066647945e-05"
"2012-10-14","2","10269","0.000194760930957"
"2012-10-15","0","17379","0"
"2012-10-16","8","19242","0.000415757197796"
"2012-10-17","6","19450","0.000308483290488"
"2012-10-18","0","20958","0"
"2012-10-19","2","19050","0.00010498687664"
"2012-10-20","2","9963","0.000200742748168"
"2012-10-21","0","9970","0"
"2012-10-22","0","17308","0"
"2012-10-23","1","20376","4.90773458971e-05"
"2012-10-24","2","22248","8.98957209637e-05"
"2012-10-25","1","21782","4.5909466532e-05"
"2012-10-26","14","20602","0.000679545675177"
"2012-10-27","0","11149","0"
"2012-10-28","0","10874","0"
"2012-10-29","5","18925","0.000264200792602"
"2012-10-30","5","18367","0.000272227364295"
"2012-10-31","2","20611","9.7035563534e-05"
"2012-11-01","1","21681","4.61233337946e-05"
"2012-11-02","1","20038","4.99051801577e-05"
"2012-11-03","1","11838","8.44737286704e-05"
"2012-11-04","2","10975","0.000182232346241"
"2012-11-05","4","20905","0.000191341784262"
"2012-11-06","3","21706","0.000138210633005"
"2012-11-07","0","26985","0"
"2012-11-08","0","23701","0"
"2012-11-09","6","23532","0.000254971953085"
"2012-11-10","0","12934","0"
"2012-11-11","0","11971","0"
"2012-11-12","1","19331","5.17303812529e-05"
"2012-11-13","3","22302","0.00013451708367"
"2012-11-14","2","24234","8.25286787159e-05"
"2012-11-15","0","23958","0"
"2012-11-16","2","22937","8.71953612068e-05"
"2012-11-17","0","13019","0"
"2012-11-18","2","11736","0.000170415814588"
"2012-11-19","5","20577","0.000242989745833"
"2012-11-20","3","23152","0.000129578438148"
"2012-11-21","18","23275","0.000773361976369"
"2012-11-22","1","13308","7.51427712654e-05"
"2012-11-23","1","15249","6.55780706932e-05"
"2012-11-24","0","11435","0"
"2012-11-25","0","11689","0"
"2012-11-26","5","20909","0.000239131474485"
"2012-11-27","1","22278","4.48873327947e-05"
"2012-11-28","7","19480","0.000359342915811"
"2012-11-29","3","25294","0.000118605202815"
"2012-11-30","2","22908","8.7305744718e-05"
"2012-12-01","0","12649","0"
"2012-12-02","1","11947","8.37030216791e-05"
"2012-12-03","2","22821","8.76385785023e-05"
"2012-12-04","1","22474","4.44958618848e-05"
"2012-12-05","3","24629","0.000121807625157"
"2012-12-06","1","24527","4.07713947894e-05"
"2012-12-07","6","22674","0.000264620269913"
"2012-12-08","1","12034","8.30978893136e-05"
"2012-12-09","2","11527","0.000173505682311"
"2012-12-10","2","20726","9.6497153334e-05"
"2012-12-11","1","22936","4.3599581444e-05"
"2012-12-12","1","24008","4.16527824059e-05"
"2012-12-13","4","23924","0.00016719612105"
"2012-12-14","2","21491","9.30622120888e-05"
"2012-12-15","1","12367","8.08603541684e-05"
"2012-12-16","5","11218","0.000445712248173"
"2012-12-17","8","20920","0.00038240917782"
"2012-12-18","7","21555","0.000324750637903"
"2012-12-19","3","22684","0.000132251807441"
"2012-12-20","9","22387","0.000402019028901"
"2012-12-21","13","21253","0.000611678351292"
"2012-12-22","6","11195","0.000535953550692"
"2012-12-23","5","10267","0.000486997175416"
"2012-12-24","13","13534","0.000960543815576"
"2012-12-25","23","7618","0.00301916513521"
"2012-12-26","6","14381","0.000417217161533"
"2012-12-27","1","17621","5.67504681914e-05"
"2012-12-28","11","17352","0.000633932687875"
"2012-12-29","1","10720","9.32835820896e-05"
"2012-12-30","1","10068","9.93245927692e-05"
"2012-12-31","2","16186","0.000123563573459"
"2013-01-01","0","10237","0"
"2013-01-02","3","18085","0.000165883328725"
"2013-01-03","15","21500","0.000697674418605"
"2013-01-04","9","20747","0.000433797657493"
"2013-01-05","5","11838","0.000422368643352"
"2013-01-06","5","10910","0.000458295142071"
"2013-01-07","5","20829","0.000240049930386"
"2013-01-08","10","22087","0.000452755014262"
"2013-01-09","7","23021","0.000304070196777"
"2013-01-10","1","23867","4.18988561612e-05"
"2013-01-11","12","21991","0.000545677777273"
"2013-01-12","0","12252","0"
"2013-01-13","2","11026","0.000181389443134"
"2013-01-14","7","21492","0.000325702587009"
"2013-01-15","14","25467","0.000549731024463"
"2013-01-16","8","25604","0.000312451179503"
"2013-01-17","3","24366","0.000123122383649"
"2013-01-18","8","24041","0.000332764860031"
"2013-01-19","5","12739","0.000392495486302"
"2013-01-20","2","11642","0.000171791788353"
"2013-01-21","1","18187","5.49843294661e-05"
"2013-01-22","3","22316","0.000134432694031"
"2013-01-23","11","23677","0.000464585885036"
"2013-01-24","5","23780","0.000210260723297"
"2013-01-25","5","22352","0.000223693629205"
"2013-01-26","19","12141","0.00156494522692"
"2013-01-27","5","11286","0.000443026758816"
"2013-01-28","3","20363","0.00014732603251"
"2013-01-29","29","21993","0.00131860137316"
"2013-01-30","5","24075","0.000207684319834"
"2013-01-31","5","24722","0.00020224900898"
"2013-02-01","2","24090","8.30220008302e-05"
"2013-02-02","2","12307","0.000162509141139"
"2013-02-03","3","11493","0.000261028452101"
"2013-02-04","26","20444","0.00127176677754"
"2013-02-05","4","22932","0.000174428745857"
"2013-02-06","6","24195","0.000247985120893"
"2013-02-07","13","24242","0.000536259384539"
"2013-02-08","6","23016","0.000260688216893"
"2013-02-09","0","11788","0"
"2013-02-10","1","11180","8.94454382826e-05"
"2013-02-11","2","21107","9.47552944521e-05"
"2013-02-12","2","22597","8.85073239811e-05"
"2013-02-13","4","24136","0.000165727543918"
"2013-02-14","5","23991","0.000208411487641"
"2013-02-15","6","21043","0.00028513044718"
"2013-02-16","0","11443","0"
"2013-02-17","1","10620","9.41619585687e-05"
"2013-02-18","2","15337","0.000130403599139"
"2013-02-19","2","17815","0.000112264945271"
"2013-02-20","2","22649","8.83041193872e-05"
"2013-02-21","10","23311","0.000428982025653"
"2013-02-22","2","20824","9.60430272762e-05"
"2013-02-23","4","12206","0.000327707684745"
"2013-02-24","1","11744","8.51498637602e-05"
"2013-02-25","1","20333","4.9181134117e-05"
"2013-02-26","2","21945","9.11369332422e-05"
"2013-02-27","4","23535","0.000169959634587"
"2013-02-28","7","24166","0.000289663163122"
"2013-03-01","3","23677","0.000126705241373"
"2013-03-02","2","12265","0.000163065633918"
"2013-03-03","6","11351","0.000528587789622"
"2013-03-04","11","20227","0.000543827557225"
"2013-03-05","5","22221","0.000225012375681"
"2013-03-06","4","23013","0.00017381480033"
"2013-03-07","1","23070","4.33463372345e-05"
"2013-03-08","1","21796","4.58799779776e-05"
"2013-03-09","2","12266","0.000163052339801"
"2013-03-10","4","11561","0.000345990831243"
"2013-03-11","6","20653","0.000290514695202"
"2013-03-12","2","22324","8.95896792689e-05"
"2013-03-13","3","23034","0.000130242250586"
"2013-03-14","2","24403","8.19571364177e-05"
"2013-03-15","2","23124","8.64902266044e-05"
"2013-03-16","1","12847","7.78391842453e-05"
"2013-03-17","1","11362","8.8012673825e-05"
"2013-03-18","5","21476","0.000232818029428"
"2013-03-19","6","21770","0.000275608635737"
"2013-03-20","1","23043","4.33971271102e-05"
"2013-03-21","4","22787","0.000175538684338"
"2013-03-22","2","21255","9.40955069395e-05"
"2013-03-23","1","11342","8.81678716276e-05"
"2013-03-24","5","10438","0.000479018969151"
"2013-03-25","1","18019","5.54969754148e-05"
"2013-03-26","1","18977","5.26953680771e-05"
"2013-03-27","1","21271","4.70123642518e-05"
"2013-03-28","4","20575","0.000194410692588"
"2013-03-29","1","15123","6.61244462078e-05"
"2013-03-30","3","9251","0.000324289266025"
"2013-03-31","4","10470","0.000382043935053"
"2013-04-01","6","18778","0.000319522845883"
"2013-04-02","3","19674","0.000152485513876"
"2013-04-03","8","20237","0.000395315511192"
"2013-04-04","4","21322","0.000187599662321"
"2013-04-05","4","20327","0.000196782604418"
"2013-04-06","21","11034","0.00190320826536"
"2013-04-07","6","10553","0.000568558703686"
"2013-04-08","5","19217","0.000260186293386"
"2013-04-09","13","21596","0.000601963326542"
"2013-04-10","3","23551","0.000127383125982"
"2013-04-11","17","23021","0.000738456192172"
"2013-04-12","8","21796","0.000367039823821"
"2013-04-13","4","12061","0.000331647458751"
"2013-04-14","6","10948","0.000548045305079"
"2013-04-15","12","21417","0.000560302563384"
"2013-04-16","4","21786","0.000183604149454"
"2013-04-17","1","22503","4.44385193085e-05"
"2013-04-18","3","23071","0.000130033375233"
"2013-04-19","1","21380","4.67726847521e-05"
"2013-04-20","0","11228","0"
"2013-04-21","1","10611","9.42418245217e-05"
"2013-04-22","2","19118","0.00010461345329"
"2013-04-23","2","21794","9.17683766174e-05"
"2013-04-24","3","22870","0.00013117621338"
"2013-04-25","1","22706","4.40412225843e-05"
"2013-04-26","1","21497","4.65181188073e-05"
"2013-04-27","0","11642","0"
"2013-04-28","0","10394","0"
"2013-04-29","3","19112","0.000156969443282"
"2013-04-30","6","20203","0.000296985596199"
"2013-05-01","3","21946","0.000136699170692"
"2013-05-02","2","22177","9.01835234703e-05"
"2013-05-03","1","21723","4.60341573447e-05"
"2013-05-04","3","10859","0.000276268533014"
"2013-05-05","11","9077","0.00121185413683"
"2013-05-06","2","19922","0.000100391526955"
"2013-05-07","3","22984","0.000130525583014"
"2013-05-08","4","22168","0.000180440274269"
"2013-05-09","2","18747","0.000106683736064"
"2013-05-10","3","22159","0.000135385170811"
"2013-05-11","1","11445","8.7374399301e-05"
"2013-05-12","1","10245","9.76085895559e-05"
"2013-05-13","0","21233","0"
"2013-05-14","4","24675","0.00016210739615"
"2013-05-15","2","20103","9.94876386609e-05"
"2013-05-16","5","24789","0.000201702367986"
"2013-05-17","5","22098","0.000226264820346"
"2013-05-18","0","11292","0"
"2013-05-19","1","10448","9.57120980092e-05"
"2013-05-20","5","22043","0.000226829378941"
"2013-05-21","5","23981","0.000208498394562"
"2013-05-22","2","24854","8.04699444757e-05"
"2013-05-23","1","24691","4.05005872585e-05"
"2013-05-24","4","21458","0.00018641066269"
"2013-05-25","2","11064","0.000180766449747"
"2013-05-26","1","10262","9.74468914442e-05"
"2013-05-27","10","11350","0.000881057268722"
"2013-05-28","15","21525","0.000696864111498"
"2013-05-29","5","24517","0.00020394012318"
"2013-05-30","3","26898","0.000111532455945"
"2013-05-31","2","22951","8.71421724544e-05"
"2013-06-01","1","12390","8.07102502018e-05"
"2013-06-02","1","12175","8.2135523614e-05"
"2013-06-03","10","21869","0.000457268279299"
"2013-06-04","2","25514","7.83883358156e-05"
"2013-06-05","3","26337","0.000113908189999"
"2013-06-06","1","25601","3.90609741807e-05"
"2013-06-07","0","25514","0"
"2013-06-08","0","12379","0"
"2013-06-09","5","12438","0.000401993889693"
"2013-06-10","0","24009","0"
"2013-06-11","1","27180","3.67917586461e-05"
"2013-06-12","5","33071","0.000151189864232"
"2013-06-13","11","28136","0.000390958203014"
"2013-06-14","2","24424","8.18866688503e-05"
"2013-06-15","1","12866","7.77242344163e-05"
"2013-06-16","0","12165","0"
"2013-06-17","1","24061","4.1561032376e-05"
"2013-06-18","0","26564","0"
"2013-06-19","1","28071","3.56239535464e-05"
"2013-06-20","2","26877","7.44130669346e-05"
"2013-06-21","2","24459","8.17694918026e-05"
"2013-06-22","4","12345","0.00032401782098"
"2013-06-23","1","11768","8.49762066621e-05"
"2013-06-24","0","24419","0"
"2013-06-25","5","27183","0.000183938490969"
"2013-06-26","1","28129","3.55504994845e-05"
"2013-06-27","3","27129","0.000110582771204"
"2013-06-28","4","24161","0.000165556061421"
"2013-06-29","3","14142","0.000212134068731"
"2013-06-30","1","12015","8.32292967124e-05"
"2013-07-01","4","23425","0.00017075773746"
"2013-07-02","1","24717","4.04579843832e-05"
"2013-07-03","1","24659","4.05531448964e-05"
"2013-07-04","2","15441","0.000129525289813"
"2013-07-05","0","18610","0"
"2013-07-06","1","11909","8.3970106642e-05"
"2013-07-07","1","11086","9.02038607252e-05"
"2013-07-08","0","22755","0"
"2013-07-09","2","25377","7.88115222446e-05"
"2013-07-10","7","25921","0.000270051309749"
"2013-07-11","0","25787","0"
"2013-07-12","0","23286","0"
"2013-07-13","0","12004","0"
"2013-07-14","1","12180","8.21018062397e-05"
"2013-07-15","1","23559","4.24466233711e-05"
"2013-07-16","3","27025","0.000111008325624"
"2013-07-17","3","31500","9.52380952381e-05"
"2013-07-18","2","25478","7.84990972604e-05"
"2013-07-19","0","23969","0"
"2013-07-20","0","13159","0"
"2013-07-21","0","12617","0"
"2013-07-22","2","24916","8.02697062129e-05"
"2013-07-23","5","25634","0.000195053444644"
"2013-07-24","2","26521","7.54119377097e-05"
"2013-07-25","2","29178","6.85447940229e-05"
"2013-07-26","3","25994","0.00011541124875"
"2013-07-27","4","14129","0.000283105669191"
"2013-07-28","4","12623","0.000316881882278"
"2013-07-29","4","22276","0.000179565451607"
"2013-07-30","8","26753","0.000299031884275"
"2013-07-31","0","28646","0"
"2013-08-01","3","29564","0.000101474766608"
"2013-08-02","4","25913","0.000154362675105"
"2013-08-03","1","13422","7.45045447772e-05"
"2013-08-04","4","13035","0.000306866129651"
"2013-08-05","1","23073","4.33407012525e-05"
"2013-08-06","9","27760","0.000324207492795"
"2013-08-07","2","27396","7.30033581545e-05"
"2013-08-08","2","25518","7.83760482796e-05"
"2013-08-09","0","22765","0"
"2013-08-10","4","13075","0.000305927342256"
"2013-08-11","1","11769","8.496898632e-05"
"2013-08-12","1","22343","4.47567470796e-05"
"2013-08-13","3","26117","0.000114867710687"
"2013-08-14","2","26144","7.64993880049e-05"
"2013-08-15","3","25786","0.000116342201194"
"2013-08-16","2","22586","8.85504294696e-05"
"2013-08-17","0","12248","0"
"2013-08-18","1","11426","8.75196919307e-05"
"2013-08-19","2","21448","9.32487877658e-05"
"2013-08-20","0","24750","0"
"2013-08-21","1","23383","4.27661121327e-05"
"2013-08-22","5","25159","0.000198736038793"
"2013-08-23","6","22532","0.000266287946032"
"2013-08-24","0","12528","0"
"2013-08-25","1","11750","8.51063829787e-05"
"2013-08-26","6","20472","0.000293083235639"
"2013-08-27","0","23653","0"
"2013-08-28","0","23353","0"
"2013-08-29","6","20854","0.00028771458713"
"2013-08-30","5","22172","0.000225509651813"
"2013-08-31","0","12913","0"
"2013-09-01","0","12010","0"
"2013-09-02","1","13213","7.56830394309e-05"
"2013-09-03","16","21520","0.000743494423792"
"2013-09-04","2","24120","8.29187396352e-05"
"2013-09-05","1","23952","4.17501670007e-05"
"2013-09-06","11","21524","0.000511057424271"
"2013-09-07","0","12697","0"
"2013-09-08","1","12523","7.98530703506e-05"
"2013-09-09","2","21220","9.42507068803e-05"
"2013-09-10","0","23319","0"
"2013-09-11","6","25681","0.000233635761847"
"2013-09-12","3","21142","0.000141897644499"
"2013-09-13","1","18577","5.38300048447e-05"
"2013-09-14","2","9651","0.000207232411149"
"2013-09-15","0","9506","0"
"2013-09-16","6","16359","0.000366770584999"
"2013-09-17","3","20975","0.000143027413588"
"2013-09-18","2","26530","7.53863550697e-05"
"2013-09-19","4","27005","0.000148120718385"
"2013-09-20","0","24632","0"
"2013-09-21","3","13978","0.000214622978967"
"2013-09-22","2","13472","0.000148456057007"
"2013-09-23","3","24068","0.00012464683397"
"2013-09-24","9","26301","0.000342192312079"
"2013-09-25","2","27212","7.34969866235e-05"
"2013-09-26","3","27139","0.000110542024393"
"2013-09-27","2","24257","8.2450426681e-05"
"2013-09-28","2","13929","0.00014358532558"
"2013-09-29","1","13518","7.39754401539e-05"
"2013-09-30","1","24325","4.11099691675e-05"
"2013-10-01","2","25624","7.80518264127e-05"
"2013-10-02","1","25256","3.95945517897e-05"
"2013-10-03","6","24237","0.000247555390519"
"2013-10-04","2","23875","8.37696335079e-05"
"2013-10-05","1","13517","7.39809129245e-05"
"2013-10-06","1","12228","8.17795224076e-05"
"2013-10-07","3","19336","0.000155151013653"
"2013-10-08","8","24384","0.000328083989501"
"2013-10-09","5","25838","0.000193513429832"
"2013-10-10","4","26245","0.000152409982854"
"2013-10-11","2","24390","8.20008200082e-05"
"2013-10-12","2","13268","0.000150738619234"
"2013-10-13","0","12618","0"
"2013-10-14","3","21404","0.000140160717623"
"2013-10-15","1","24812","4.03030791552e-05"
"2013-10-16","1","24630","4.06008932197e-05"
"2013-10-17","4","26587","0.000150449467785"
"2013-10-18","0","21038","0"
"2013-10-19","0","8339","0"
"2013-10-20","3","8769","0.000342114266165"
"2013-10-21","0","16699","0"
"2013-10-22","5","22982","0.000217561569924"
"2013-10-23","3","24756","0.000121182743577"
"2013-10-24","0","26214","0"
"2013-10-25","3","24542","0.00012223942629"
"2013-10-26","1","13079","7.64584448352e-05"
"2013-10-27","0","12406","0"
"2013-10-28","4","23580","0.000169635284139"
"2013-10-29","2","25873","7.73006609207e-05"
"2013-10-30","5","28219","0.000177185584181"
"2013-10-31","0","27462","0"
"2013-11-01","4","24327","0.000164426357545"
"2013-11-02","0","13399","0"
"2013-11-03","2","12303","0.000162561976754"
"2013-11-04","6","23247","0.000258097819073"
"2013-11-05","1","26110","3.82995021065e-05"
"2013-11-06","5","27377","0.000182635058626"
"2013-11-07","4","26486","0.000151023182058"
"2013-11-08","5","24662","0.000202741059119"
"2013-11-09","0","13081","0"
"2013-11-10","2","11711","0.000170779608915"
"2013-11-11","6","20886","0.000287273771905"
"2013-11-12","4","25402","0.000157467915912"
"2013-11-13","3","26680","0.000112443778111"
"2013-11-14","4","27382","0.000146081367322"
"2013-11-15","0","24633","0"
"2013-11-16","2","13427","0.000148953600953"
"2013-11-17","0","13257","0"
"2013-11-18","1","23994","4.16770859382e-05"
"2013-11-19","4","26105","0.000153227351082"
"2013-11-20","11","25899","0.000424726823429"
"2013-11-21","4","27262","0.000146724378255"
"2013-11-22","2","24411","8.1930277334e-05"
"2013-11-23","3","13822","0.000217045290117"
"2013-11-24","1","12968","7.71128932758e-05"
"2013-11-25","5","21500","0.000232558139535"
"2013-11-26","20","23560","0.000848896434635"
"2013-11-27","0","24026","0"
"2013-11-28","1","14349","6.96912676842e-05"
"2013-11-29","2","16187","0.000123555939952"
"2013-11-30","0","12663","0"
"2013-12-01","1","11966","8.35701153268e-05"
"2013-12-02","3","21678","0.000138389150291"
"2013-12-03","2","24992","8.00256081946e-05"
"2013-12-04","1","26134","3.82643299916e-05"
"2013-12-05","2","26165","7.64379896809e-05"
"2013-12-06","2","24342","8.21625174595e-05"
"2013-12-07","4","13222","0.000302526092876"
"2013-12-08","3","12967","0.000231356520398"
"2013-12-09","2","22704","8.80902043693e-05"
"2013-12-10","5","24496","0.000204114957544"
"2013-12-11","4","25759","0.000155285531271"
"2013-12-12","3","25855","0.000116031715336"
"2013-12-13","0","23581","0"
"2013-12-14","3","13261","0.00022622728301"
"2013-12-15","1","12288","8.13802083333e-05"
"2013-12-16","3","22548","0.000133049494412"
"2013-12-17","3","24472","0.000122589081399"
"2013-12-18","6","24954","0.000240442414042"
"2013-12-19","1","24819","4.02917119948e-05"
"2013-12-20","21","23161","0.000906696602047"
"2013-12-21","11","12738","0.000863557858377"
"2013-12-22","0","11830","0"
"2013-12-23","1","19060","5.24658971668e-05"
"2013-12-24","1","16806","5.950255861e-05"
"2013-12-25","0","8335","0"
"2013-12-26","10","14412","0.000693866222592"
"2013-12-27","22","16274","0.00135184957601"
"2013-12-28","0","10288","0"
"2013-12-29","1","10502","9.52199581032e-05"
"2013-12-30","2","17505","0.000114253070551"
"2013-12-31","2","17435","0.000114711786636"
"2014-01-01","0","9582","0"
"2014-01-02","1","17161","5.82716624905e-05"
"2014-01-03","3","10974","0.000273373428103"
"2014-01-04","4","10999","0.000363669424493"
"2014-01-05","1","11773","8.49401172174e-05"
"2014-01-06","1","22122","4.52038694512e-05"
"2014-01-07","4","24265","0.000164846486709"
"2014-01-08","2","25153","7.95133781259e-05"
"2014-01-09","3","24796","0.000120987256009"
"2014-01-10","7","22978","0.000304639220124"
"2014-01-11","4","13553","0.00029513760791"
"2014-01-12","2","12246","0.000163318634656"
"2014-01-13","2","24003","8.33229179686e-05"
"2014-01-14","4","25029","0.000159814615047"
"2014-01-15","1","26214","3.81475547417e-05"
"2014-01-16","0","26825","0"
"2014-01-17","5","21233","0.00023548250365"
"2014-01-18","2","11140","0.000179533213645"
"2014-01-19","0","11359","0"
"2014-01-20","1","15249","6.55780706932e-05"
"2014-01-21","11","22548","0.000487848146177"
"2014-01-22","8","24334","0.000328758116216"
"2014-01-23","4","24942","0.000160372063187"
"2014-01-24","1","24255","4.12286126572e-05"
"2014-01-25","1","13102","7.63242253091e-05"
"2014-01-26","2","12694","0.000157554750276"
"2014-01-27","3","22672","0.000132321806634"
"2014-01-28","4","24766","0.00016151174998"
"2014-01-29","4","25943","0.000154184172995"
"2014-01-30","1","26227","3.81286460518e-05"
"2014-01-31","5","24177","0.000206808123423"
"2014-02-01","7","14722","0.000475478875153"
"2014-02-02","2","12815","0.000156067108857"
"2014-02-03","0","21554","0"
"2014-02-04","2","24720","8.09061488673e-05"
"2014-02-05","3","26640","0.000112612612613"
"2014-02-06","2","26275","7.61179828735e-05"
"2014-02-07","1","23982","4.16979401218e-05"
"2014-02-08","0","13705","0"
"2014-02-09","0","12448","0"
"2014-02-10","2","19029","0.000105102737926"
"2014-02-11","3","14901","0.000201328769881"
"2014-02-12","2","27241","7.34187438053e-05"
"2014-02-13","2","26711","7.48755194489e-05"
"2014-02-14","24","23763","0.0010099734882"
"2014-02-15","7","12881","0.000543436068628"
"2014-02-16","3","13115","0.000228745711018"
"2014-02-17","3","17882","0.000167766469075"
"2014-02-18","4","23232","0.00017217630854"
"2014-02-19","4","25656","0.000155908949174"
"2014-02-20","5","25942","0.000192737645517"
"2014-02-21","8","24188","0.000330742516951"
"2014-02-22","0","12472","0"
"2014-02-23","1","13223","7.56258035242e-05"
"2014-02-24","3","21926","0.000136823862082"
"2014-02-25","6","25527","0.00023504524621"
"2014-02-26","4","26080","0.000153374233129"
"2014-02-27","2","27314","7.32225232482e-05"
"2014-02-28","4","25835","0.000154828720728"
"2014-03-01","0","14086","0"
"2014-03-02","0","13332","0"
"2014-03-03","2","23765","8.41573742899e-05"
"2014-03-04","9","24049","0.000374235934966"
"2014-03-05","2","28302","7.06663840011e-05"
"2014-03-06","4","28034","0.000142683883855"
"2014-03-07","1","26430","3.78357926599e-05"
"2014-03-08","1","15437","6.47794260543e-05"
"2014-03-09","1","14588","6.85494927338e-05"
"2014-03-10","3","24479","0.0001225540259"
"2014-03-11","1","27241","3.67093719026e-05"
"2014-03-12","10","28834","0.000346812790456"
"2014-03-13","3","28540","0.00010511562719"
"2014-03-14","2","26541","7.53551109604e-05"
"2014-03-15","1","14704","6.80087051143e-05"
"2014-03-16","1","14180","7.05218617772e-05"
"2014-03-17","5","24821","0.000201442327062"
"2014-03-18","1","26441","3.78200521917e-05"
"2014-03-19","0","21956","0"
"2014-03-20","2","28823","6.93890295944e-05"
"2014-03-21","0","18768","0"
"2014-03-22","3","15561","0.000192789666474"
"2014-03-23","6","14193","0.000422743606003"
"2014-03-24","4","25429","0.000157300719651"
"2014-03-25","1","27333","3.65858120221e-05"
"2014-03-26","2","26668","7.49962501875e-05"
"2014-03-27","8","25985","0.000307869924957"
"2014-03-28","5","24951","0.000200392769829"
"2014-03-29","5","13033","0.000383641525359"
"2014-03-30","7","11963","0.000585137507314"
"2014-03-31","1","22981","4.35142073887e-05"
"2014-04-01","4","24624","0.000162443144899"
"2014-04-02","2","25778","7.75855380557e-05"
"2014-04-03","20","25532","0.000783330722231"
"2014-04-04","6","24220","0.000247729149463"
"2014-04-05","10","12217","0.000818531554391"
"2014-04-06","2","11276","0.000177367860944"
"2014-04-07","9","23591","0.000381501420033"
"2014-04-08","13","25660","0.000506625097428"
"2014-04-09","12","27772","0.000432089874694"
"2014-04-10","3","27427","0.000109381266635"
"2014-04-11","9","24867","0.000361925443359"
"2014-04-12","3","13648","0.000219812426729"
"2014-04-13","1","12971","7.70950582068e-05"
"2014-04-14","10","24184","0.000413496526629"
"2014-04-15","2","24961","8.01249949922e-05"
"2014-04-16","5","25943","0.000192730216243"
"2014-04-17","2","26909","7.43245754209e-05"
"2014-04-18","15","21901","0.000684900232866"
"2014-04-19","1","12408","8.05931656995e-05"
"2014-04-20","1","11424","8.75350140056e-05"
"2014-04-21","4","22123","0.000180807304615"
"2014-04-22","2","25861","7.73365299099e-05"
"2014-04-23","2","27605","7.24506429995e-05"
"2014-04-24","3","27964","0.000107280789587"
"2014-04-25","3","25531","0.000117504210568"
"2014-04-26","3","12879","0.000232937339856"
"2014-04-27","3","12348","0.000242954324587"
"2014-04-28","6","23957","0.000250448720624"
"2014-04-29","2","26581","7.52417140062e-05"
"2014-04-30","6","25301","0.000237144776886"
"2014-05-01","3","24871","0.000120622411644"
"2014-05-02","2","24444","8.18196694485e-05"
"2014-05-03","2","12875","0.000155339805825"
"2014-05-04","2","11899","0.000168081351374"
"2014-05-05","2","22837","8.75771773876e-05"
"2014-05-06","5","27786","0.000179946735766"
"2014-05-07","6","28700","0.000209059233449"
"2014-05-08","4","28225","0.00014171833481"
"2014-05-09","0","27234","0"
"2014-05-10","2","15346","0.000130327121074"
"2014-05-11","3","13399","0.000223897305769"
"2014-05-12","0","21052","0"
"2014-05-13","5","26726","0.000187083738681"
"2014-05-14","5","26826","0.000186386341609"
"2014-05-15","6","28519","0.000210386058417"
"2014-05-16","2","25039","7.98753943848e-05"
"2014-05-17","1","13450","7.43494423792e-05"
"2014-05-18","0","12223","0"
"2014-05-19","6","23613","0.000254097319273"
"2014-05-20","0","25653","0"
"2014-05-21","0","26199","0"
"2014-05-22","4","27202","0.000147048011176"
"2014-05-23","4","24193","0.000165337080974"
"2014-05-24","3","13721","0.000218642956053"
"2014-05-25","8","12386","0.000645890521557"
"2014-05-26","1","14030","7.12758374911e-05"
"2014-05-27","2","26187","7.63737732463e-05"
"2014-05-28","5","23970","0.000208594075928"
"2014-05-29","6","27554","0.000217754228061"
"2014-05-30","8","25805","0.000310017438481"
"2014-05-31","1","14239","7.02296509586e-05"
"2014-06-01","3","13413","0.000223663609931"
"2014-06-02","5","25119","0.000199052510052"
"2014-06-03","2","17698","0.000113007119449"
"2014-06-04","1","23934","4.17815659731e-05"
"2014-06-05","4","24723","0.000161792662703"
"2014-06-06","8","26179","0.000305588448757"
"2014-06-07","23","13647","0.00168535209203"
"2014-06-08","0","12758","0"
"2014-06-09","3","24275","0.000123583934089"
"2014-06-10","4","26868","0.000148875986303"
"2014-06-11","29","25961","0.00111706020569"
"2014-06-12","8","26737","0.000299210831432"
"2014-06-13","1","24295","4.1160732661e-05"
"2014-06-14","3","12989","0.000230964662407"
"2014-06-15","0","12500","0"
"2014-06-16","3","24098","0.000124491659059"
"2014-06-17","13","26048","0.000499078624079"
"2014-06-18","0","26679","0"
"2014-06-19","2","27849","7.18158641244e-05"
"2014-06-20","3","24956","0.000120211572367"
"2014-06-21","2","12904","0.000154990700558"
"2014-06-22","1","11679","8.56237691583e-05"
"2014-06-23","0","24072","0"
"2014-06-24","4","25984","0.0001539408867"
"2014-06-25","5","27418","0.000182361952002"
"2014-06-26","3","26446","0.000113438705286"
"2014-06-27","3","25185","0.00011911852293"
"2014-06-28","0","12405","0"
"2014-06-29","0","11343","0"
"2014-06-30","8","23419","0.000341602971946"
"2014-07-01","5","24819","0.000201458559974"
"2014-07-02","9","25696","0.000350249066002"
"2014-07-03","1","24344","4.10778836674e-05"
"2014-07-04","0","14497","0"
"2014-07-05","0","10859","0"
"2014-07-06","1","11214","8.91742464776e-05"
"2014-07-07","3","22752","0.000131856540084"
"2014-07-08","1","25391","3.93840337127e-05"
"2014-07-09","4","26296","0.000152114390021"
"2014-07-10","12","26213","0.000457788120398"
"2014-07-11","6","25053","0.000239492276374"
"2014-07-12","0","12766","0"
"2014-07-13","0","11837","0"
"2014-07-14","2","23249","8.60252053852e-05"
"2014-07-15","3","25518","0.000117564072419"
"2014-07-16","2","26365","7.58581452683e-05"
"2014-07-17","2","26115","7.65843385028e-05"
"2014-07-18","0","24288","0"
"2014-07-19","0","12420","0"
"2014-07-20","5","11330","0.000441306266549"
"2014-07-21","1","23245","4.3020004302e-05"
"2014-07-22","2","25623","7.80548725754e-05"
"2014-07-23","2","26359","7.58754125726e-05"
"2014-07-24","4","26487","0.000151017480273"
"2014-07-25","7","23694","0.000295433443066"
"2014-07-26","0","12031","0"
"2014-07-27","0","11085","0"
"2014-07-28","0","22765","0"
"2014-07-29","1","24225","4.12796697626e-05"
"2014-07-30","7","24675","0.000283687943262"
"2014-07-31","4","26286","0.000152172258997"
"2014-08-01","2","23982","8.33958802435e-05"
"2014-08-02","1","12170","8.21692686935e-05"
"2014-08-03","1","11191","8.93575194353e-05"
"2014-08-04","2","22342","8.95175006714e-05"
"2014-08-05","4","25181","0.000158849926532"
"2014-08-06","1","26210","3.81533765738e-05"
"2014-08-07","13","25202","0.000515832076819"
"2014-08-08","1","23290","4.29368827823e-05"
"2014-08-09","0","11993","0"
"2014-08-10","2","11447","0.000174718266795"
"2014-08-11","1","22433","4.45771853965e-05"
"2014-08-12","7","24282","0.000288279383906"
"2014-08-13","3","24963","0.000120177863238"
"2014-08-14","6","25681","0.000233635761847"
"2014-08-15","5","23565","0.000212179079143"
"2014-08-16","1","12438","8.03987779386e-05"
"2014-08-17","4","10816","0.000369822485207"
"2014-08-18","5","22473","0.000222489209273"
"2014-08-19","1","24258","4.12235138923e-05"
"2014-08-20","3","25612","0.000117132594097"
"2014-08-21","2","25368","7.8839482813e-05"
"2014-08-22","0","23132","0"
"2014-08-23","1","12263","8.15461143277e-05"
"2014-08-24","0","11684","0"
"2014-08-25","2","22583","8.85621927999e-05"
"2014-08-26","7","24913","0.000280977802754"
"2014-08-27","3","25519","0.000117559465496"
"2014-08-28","7","24845","0.000281746830348"
"2014-08-29","4","23972","0.000166861338228"
"2014-08-30","1","13272","7.53465943339e-05"
"2014-08-31","0","11828","0"
"2014-09-01","2","13853","0.000144373059987"
"2014-09-02","0","23864","0"
"2014-09-03","0","27230","0"
"2014-09-04","7","27272","0.000256673511294"
"2014-09-05","1","25398","3.93731789905e-05"
"2014-09-06","1","13813","7.23955693912e-05"
"2014-09-07","3","13277","0.000225954658432"
"2014-09-08","14","25092","0.000557946755938"
"2014-09-09","8","26394","0.00030309918921"
"2014-09-10","9","27632","0.000325709322525"
"2014-09-11","2","27133","7.37109792504e-05"
"2014-09-12","5","25202","0.000198396952623"
"2014-09-13","2","13137","0.000152241759915"
"2014-09-14","0","13022","0"
"2014-09-15","6","24957","0.000240413511239"
"2014-09-16","3","26203","0.000114490707171"
"2014-09-17","4","27619","0.00014482783591"
"2014-09-18","8","27589","0.000289970640473"
"2014-09-19","9","24750","0.000363636363636"
"2014-09-20","10","13062","0.000765579543715"
"2014-09-21","5","12569","0.000397804121251"
"2014-09-22","12","24949","0.000480981201651"
"2014-09-23","9","26477","0.000339917664388"
"2014-09-24","2","27311","7.32305664384e-05"
"2014-09-25","4","26977","0.000148274456018"
"2014-09-26","0","24780","0"
"2014-09-27","1","13608","7.34861845973e-05"
"2014-09-28","1","12944","7.72558714462e-05"
"2014-09-29","1","24860","4.02252614642e-05"
"2014-09-30","0","26294","0"
"2014-10-01","9","27740","0.000324441240087"
"2014-10-02","10","26994","0.000370452693191"
"2014-10-03","3","24877","0.00012059331913"
"2014-10-04","6","12928","0.000464108910891"
"2014-10-05","8","13179","0.000607026329767"
"2014-10-06","10","24075","0.000415368639668"
"2014-10-07","2","25395","7.87556605631e-05"
"2014-10-08","7","27293","0.000256476019492"
"2014-10-09","4","27246","0.000146810540997"
"2014-10-10","5","26286","0.000190215323746"
"2014-10-11","0","13305","0"
"2014-10-12","1","12880","7.76397515528e-05"
"2014-10-13","2","23306","8.58148116365e-05"
"2014-10-14","4","26098","0.00015326844969"
"2014-10-15","2","28092","7.11946461626e-05"
"2014-10-16","1","26853","3.72397869884e-05"
"2014-10-17","2","24245","8.24912353062e-05"
"2014-10-18","1","12555","7.96495420151e-05"
"2014-10-19","3","11720","0.000255972696246"
"2014-10-20","1","23582","4.24052243236e-05"
"2014-10-21","1","25933","3.85609069525e-05"
"2014-10-22","6","26569","0.000225827091723"
"2014-10-23","4","25943","0.000154184172995"
"2014-10-24","6","24835","0.000241594523857"
"2014-10-25","2","13050","0.000153256704981"
"2014-10-26","1","12157","8.22571358065e-05"
"2014-10-27","2","24026","8.32431532506e-05"
"2014-10-28","5","25571","0.000195534003363"
"2014-10-29","2","27080","7.38552437223e-05"
"2014-10-30","2","26578","7.52502069381e-05"
"2014-10-31","3","24219","0.000123869689087"
"2014-11-01","1","12926","7.73634535046e-05"
"2014-11-02","0","11727","0"
"2014-11-03","3","23334","0.000128567755207"
"2014-11-04","2","24776","8.07232805941e-05"
"2014-11-05","7","29046","0.000240997039179"
"2014-11-06","12","26107","0.000459646838013"
"2014-11-07","3","24333","0.000123289360128"
"2014-11-08","0","12775","0"
"2014-11-09","2","11532","0.000173430454388"
"2014-11-10","11","22696","0.000484666901657"
"2014-11-11","7","23062","0.000303529615818"
"2014-11-12","2","25338","7.89328281632e-05"
"2014-11-13","4","25719","0.000155527042264"
"2014-11-14","6","23919","0.0002508466073"
"2014-11-15","2","13195","0.000151572565366"
"2014-11-16","1","11783","8.4868030213e-05"
"2014-11-17","1","22690","4.40722785368e-05"
"2014-11-18","1","24953","4.00753416423e-05"
"2014-11-19","6","25598","0.000234393311977"
"2014-11-20","3","26446","0.000113438705286"
"2014-11-21","5","24583","0.000203392588374"
"2014-11-22","4","12816","0.000312109862672"
"2014-11-23","1","11718","8.53387950162e-05"
"2014-11-24","2","22837","8.75771773876e-05"
"2014-11-25","1","24432","4.09299279633e-05"
"2014-11-26","3","23801","0.000126045124154"
"2014-11-27","3","14132","0.000212284177753"
"2014-11-28","2","15419","0.000129710097931"
"2014-11-29","1","11379","8.78811846384e-05"
"2014-11-30","0","11515","0"
"2014-12-01","6","22220","0.0002700270027"
"2014-12-02","27","24275","0.0011122554068"
"2014-12-03","5","23962","0.000208663717553"
"2014-12-04","3","25527","0.000117522623105"
"2014-12-05","2","20617","9.7007324053e-05"
"2014-12-06","1","12700","7.87401574803e-05"
"2014-12-07","1","11701","8.54627809589e-05"
"2014-12-08","2","22021","9.08223968031e-05"
"2014-12-09","11","23832","0.000461564283317"
"2014-12-10","7","24773","0.000282565696524"
"2014-12-11","16","24676","0.000648403306857"
"2014-12-12","11","22228","0.000494871333453"
"2014-12-13","3","11688","0.000256673511294"
"2014-12-14","0","11000","0"
"2014-12-15","6","21663","0.000276969948761"
"2014-12-16","4","23590","0.000169563374311"
"2014-12-17","3","24097","0.000124496825331"
"2014-12-18","4","23379","0.000171093716583"
"2014-12-19","1","22083","4.52837023955e-05"
"2014-12-20","6","11664","0.000514403292181"
"2014-12-21","1","10858","9.20979922638e-05"
"2014-12-22","6","19651","0.000305327973131"
"2014-12-23","6","20837","0.00028794932092"
"2014-12-24","4","16698","0.000239549646664"
"2014-12-25","0","8569","0"
"2014-12-26","2","12709","0.000157368793768"
"2014-12-27","1","9422","0.000106134578646"
"2014-12-28","1","10256","9.7503900156e-05"
"2014-12-29","0","18298","0"
"2014-12-30","0","19236","0"
"2014-12-31","1","18742","5.33560986021e-05"
"2015-01-01","2","10832","0.000184638109306"
"2015-01-02","2","15873","0.000126000126"
"2015-01-03","0","10893","0"
"2015-01-04","1","10475","9.54653937947e-05"
"2015-01-05","4","21243","0.000188297321471"
"2015-01-06","5","23417","0.000213520092241"
"2015-01-07","7","24595","0.00028461069323"
"2015-01-08","3","24191","0.000124013062709"
"2015-01-09","2","23334","8.57118368047e-05"
"2015-01-10","1","12734","7.85299198995e-05"
"2015-01-11","0","14325","0"
"2015-01-12","2","21970","9.10332271279e-05"
"2015-01-13","3","26953","0.000111304864023"
"2015-01-14","3","25741","0.000116545588749"
"2015-01-15","6","25651","0.000233909009395"
"2015-01-16","13","25212","0.000515627478978"
"2015-01-17","2","11857","0.000168676731045"
"2015-01-18","1","11461","8.72524212547e-05"
"2015-01-19","2","17929","0.0001115511183"
"2015-01-20","4","25351","0.000157784702773"
"2015-01-21","8","26339","0.00030373210828"
"2015-01-22","4","25605","0.000156219488381"
"2015-01-23","2","23134","8.64528399758e-05"
"2015-01-24","7","12373","0.000565747999677"
"2015-01-25","0","12220","0"
"2015-01-26","6","23057","0.000260224660624"
"2015-01-27","1","24678","4.052192236e-05"
"2015-01-28","5","25364","0.000197129790254"
"2015-01-29","4","25925","0.000154291224687"
"2015-01-30","1","23544","4.24736663269e-05"
"2015-01-31","0","12705","0"
"2015-02-01","1","12169","8.21760210371e-05"
"2015-02-02","10","22781","0.000438962293139"
"2015-02-03","12","25049","0.000479061040361"
"2015-02-04","9","27711","0.000324780772978"
"2015-02-05","0","25592","0"
"2015-02-06","4","22940","0.000174367916303"
"2015-02-07","0","11731","0"
"2015-02-08","2","12404","0.000161238310223"
"2015-02-09","6","22764","0.000263574064312"
"2015-02-10","4","24638","0.000162350840166"
"2015-02-11","3","25023","0.000119889701475"
"2015-02-12","15","24381","0.000615233173373"
"2015-02-13","10","22621","0.000442067105787"
"2015-02-14","2","11128","0.000179726815241"
"2015-02-15","1","10994","9.0958704748e-05"
"2015-02-16","1","16839","5.93859492844e-05"
"2015-02-17","7","22466","0.000311581946052"
"2015-02-18","1","24281","4.11844652197e-05"
"2015-02-19","5","24571","0.000203491921371"
"2015-02-20","5","22492","0.000222301262671"
"2015-02-21","2","12169","0.000164352042074"
"2015-02-22","0","12529","0"
"2015-02-23","3","22093","0.000135789616621"
"2015-02-24","2","24696","8.09847748623e-05"
"2015-02-25","5","25088","0.000199298469388"
"2015-02-26","1","24956","4.00705241225e-05"
"2015-02-27","2","22926","8.72371979412e-05"
"2015-02-28","0","11780","0"
"2015-03-01","2","11036","0.000181225081551"
"2015-03-02","4","23500","0.000170212765957"
"2015-03-03","7","25014","0.000279843287759"
"2015-03-04","3","25030","0.000119856172593"
"2015-03-05","3","24432","0.00012278978389"
"2015-03-06","1","22734","4.3986979854e-05"
"2015-03-07","2","11980","0.00016694490818"
"2015-03-08","0","10712","0"
"2015-03-09","16","23192","0.000689893066575"
"2015-03-10","8","24576","0.000325520833333"
"2015-03-11","9","25010","0.000359856057577"
"2015-03-12","9","25095","0.000358637178721"
"2015-03-13","12","22643","0.00052996511063"
"2015-03-14","8","11217","0.000713203173754"
"2015-03-15","1","11709","8.54043897856e-05"
"2015-03-16","4","22116","0.000180864532465"
"2015-03-17","5","24227","0.000206381310109"
"2015-03-18","7","25334","0.000276308518197"
"2015-03-19","4","25055","0.0001596487727"
"2015-03-20","2","22615","8.84368781782e-05"
"2015-03-21","1","11676","8.5645769099e-05"
"2015-03-22","0","10706","0"
"2015-03-23","2","20258","9.87264290651e-05"
"2015-03-24","3","23820","0.000125944584383"
"2015-03-25","3","24995","0.000120024004801"
"2015-03-26","5","24229","0.000206364274217"
"2015-03-27","21","22937","0.000915551292671"
"2015-03-28","5","10993","0.000454834894933"
"2015-03-29","2","10897","0.000183536753235"
"2015-03-30","11","20939","0.000525335498352"
"2015-03-31","9","23640","0.000380710659898"
"2015-04-01","9","24856","0.000362085613132"
"2015-04-02","6","24090","0.000249066002491"
"2015-04-03","1","19185","5.21240552515e-05"
"2015-04-04","3","10400","0.000288461538462"
"2015-04-05","1","10806","9.25411808255e-05"
"2015-04-06","1","20328","4.91932310114e-05"
"2015-04-07","6","23385","0.000256574727389"
"2015-04-08","4","23977","0.000166826542103"
"2015-04-09","7","24547","0.000285167230211"
"2015-04-10","5","21345","0.000234246896229"
"2015-04-11","0","10732","0"
"2015-04-12","1","11093","9.01469395114e-05"
"2015-04-13","7","21118","0.000331470783218"
"2015-04-14","6","24411","0.000245790832002"
"2015-04-15","3","25178","0.000119151640321"
"2015-04-16","11","23601","0.00046608194568"
"2015-04-17","4","21076","0.000189789333839"
"2015-04-18","2","10943","0.000182765238052"
"2015-04-19","2","11211","0.000178396218"
"2015-04-20","3","21977","0.000136506347545"
"2015-04-21","6","24226","0.000247667794931"
"2015-04-22","12","25112","0.000477859190825"
"2015-04-23","4","25500","0.000156862745098"
"2015-04-24","3","22248","0.000134843581446"
"2015-04-25","1","11697","8.54920064974e-05"
"2015-04-26","1","10891","9.1818933064e-05"
"2015-04-27","1","22463","4.45176512487e-05"
"2015-04-28","5","25669","0.000194787486852"
"2015-04-29","4","25835","0.000154828720728"
"2015-04-30","6","25804","0.000232522089599"
"2015-05-01","3","22563","0.000132961042415"
"2015-05-02","1","12572","7.95418390073e-05"
"2015-05-03","0","10652","0"
"2015-05-04","3","21844","0.000137337483977"
"2015-05-05","0","24355","0"
"2015-05-06","6","25234","0.000237774431323"
"2015-05-07","5","24795","0.000201653559185"
"2015-05-08","1","22575","4.42967884828e-05"
"2015-05-09","2","11166","0.000179115171055"
"2015-05-10","0","10796","0"
"2015-05-11","6","22803","0.000263123273254"
"2015-05-12","2","25006","7.99808046069e-05"
"2015-05-13","2","25863","7.73305494336e-05"
"2015-05-14","4","25052","0.000159667890787"
"2015-05-15","2","23285","8.58922052824e-05"
"2015-05-16","2","11190","0.00017873100983"
"2015-05-17","0","10864","0"
"2015-05-18","4","22337","0.000179075077226"
"2015-05-19","2","25387","7.87804781975e-05"
"2015-05-20","7","26824","0.000260960334029"
"2015-05-21","8","24807","0.000322489619865"
"2015-05-22","6","22410","0.000267737617135"
"2015-05-23","1","10681","9.36241924913e-05"
"2015-05-24","0","10959","0"
"2015-05-25","4","12358","0.000323676970384"
"2015-05-26","6","23108","0.000259650337545"
"2015-05-27","4","25208","0.000158679784195"
"2015-05-28","11","24668","0.000445921842063"
"2015-05-29","9","22181","0.000405752671205"
"2015-05-30","1","10457","9.56297217175e-05"
"2015-05-31","0","10589","0"
"2015-06-01","3","22658","0.000132403566069"
"2015-06-02","2","25152","7.95165394402e-05"
"2015-06-03","5","24912","0.000200706486834"
"2015-06-04","5","24871","0.00020103735274"
"2015-06-05","1","22329","4.47848089928e-05"
"2015-06-06","1","11230","8.90471950134e-05"
"2015-06-07","0","13811","0"
"2015-06-08","5","22700","0.000220264317181"
"2015-06-09","8","24099","0.000331963981908"
"2015-06-10","0","24932","0"
"2015-06-11","7","24719","0.000283182976658"
"2015-06-12","4","21698","0.000184348787907"
"2015-06-13","1","10525","9.50118764846e-05"
"2015-06-14","0","10536","0"
"2015-06-15","6","23185","0.000258788009489"
"2015-06-16","8","23851","0.00033541570584"
"2015-06-17","2","26328","7.59647523549e-05"
"2015-06-18","7","26495","0.000264200792602"
"2015-06-19","3","25945","0.000115629215648"
"2015-06-20","2","13031","0.000153480162689"
"2015-06-21","1","11705","8.54335753951e-05"
"2015-06-22","2","26587","7.52247338925e-05"
"2015-06-23","4","27500","0.000145454545455"
"2015-06-24","1","28970","3.451846738e-05"
"2015-06-25","3","30054","9.98203234178e-05"
"2015-06-26","0","27380","0"
"2015-06-27","0","12763","0"
"2015-06-28","2","11854","0.000168719419605"
"2015-06-29","7","26624","0.000262920673077"
"2015-06-30","3","28711","0.000104489568458"
"2015-07-01","2","29336","6.81756203981e-05"
"2015-07-02","6","27587","0.000217493747055"
"2015-07-03","1","17158","5.82818510316e-05"
"2015-07-04","0","11461","0"
"2015-07-05","1","11681","8.56091088092e-05"
"2015-07-06","1","24120","4.14593698176e-05"
"2015-07-07","4","26667","0.000149998125023"
"2015-07-08","2","28436","7.03333802223e-05"
"2015-07-09","2","28616","6.98909700867e-05"
"2015-07-10","1","26824","3.72800477185e-05"
"2015-07-11","0","13618","0"
"2015-07-12","0","12841","0"
"2015-07-13","3","28907","0.000103781091085"
"2015-07-14","3","27737","0.000108158777085"
"2015-07-15","5","28685","0.000174307129162"
"2015-07-16","9","28277","0.000318279874103"
"2015-07-17","5","24347","0.000205364110568"
"2015-07-18","1","12043","8.30357884248e-05"
"2015-07-19","0","11201","0"
"2015-07-20","3","25650","0.000116959064327"
"2015-07-21","17","26926","0.000631360023769"
"2015-07-22","3","29153","0.000102905361369"
"2015-07-23","2","27696","7.22125938764e-05"
"2015-07-24","5","25321","0.000197464555112"
"2015-07-25","8","12488","0.000640614990391"
"2015-07-26","2","12376","0.00016160310278"
"2015-07-27","9","24647","0.000365156002759"
"2015-07-28","0","27812","0"
"2015-07-29","11","27863","0.000394788787998"
"2015-07-30","3","28408","0.000105604055196"
"2015-07-31","3","28044","0.000106974753958"
"2015-08-01","2","12945","0.000154499806875"
"2015-08-02","2","11939","0.000167518217606"
"2015-08-03","3","25820","0.000116189000775"
"2015-08-04","2","27827","7.18726416789e-05"
"2015-08-05","5","28766","0.000173816310923"
"2015-08-06","2","29822","6.70645831936e-05"
"2015-08-07","2","26276","7.611508601e-05"
"2015-08-08","1","13077","7.6470138411e-05"
"2015-08-09","2","12257","0.000163172064942"
"2015-08-10","6","27664","0.000216888374783"
"2015-08-11","4","27860","0.000143575017947"
"2015-08-12","3","29026","0.00010335561221"
"2015-08-13","5","29866","0.000167414451215"
"2015-08-14","2","26840","7.45156482861e-05"
"2015-08-15","0","14178","0"
"2015-08-16","0","13632","0"
"2015-08-17","3","26615","0.000112718391884"
"2015-08-18","4","28230","0.000141693234148"
"2015-08-19","3","29483","0.000101753552895"
"2015-08-20","4","29836","0.000134066228717"
"2015-08-21","3","26877","0.000111619600402"
"2015-08-22","0","13386","0"
"2015-08-23","1","13083","7.64350684094e-05"
"2015-08-24","1","26924","3.71415837171e-05"
"2015-08-25","0","28260","0"
"2015-08-26","2","29254","6.83667190812e-05"
"2015-08-27","1","31556","3.16896945113e-05"
"2015-08-28","5","27486","0.000181910790948"
"2015-08-29","1","13947","7.170000717e-05"
"2015-08-30","1","14140","7.07213578501e-05"
"2015-08-31","1","27825","3.59389038634e-05"
"2015-09-01","9","28380","0.000317124735729"
"2015-09-02","5","28946","0.000172735438403"
"2015-09-03","3","30902","9.70810950748e-05"
"2015-09-04","2","26830","7.4543421543e-05"
"2015-09-05","3","14147","0.000212059093801"
"2015-09-06","0","12998","0"
"2015-09-07","2","16661","0.000120040813877"
"2015-09-08","2","29048","6.88515560452e-05"
"2015-09-09","9","32813","0.000274281534758"
"2015-09-10","4","32282","0.000123908060219"
"2015-09-11","6","29894","0.000200709172409"
"2015-09-12","1","15884","6.29564341476e-05"
"2015-09-13","0","16434","0"
"2015-09-14","20","33880","0.000590318772137"
"2015-09-15","5","36661","0.000136384714001"
"2015-09-16","4","39981","0.000100047522573"
"2015-09-17","4","39421","0.000101468760305"
"2015-09-18","3","35141","8.53703651006e-05"
"2015-09-19","1","19256","5.19318653926e-05"
"2015-09-20","6","19765","0.000303566911207"
"2015-09-21","39","36199","0.00107737782812"
"2015-09-22","1","37473","2.66858805006e-05"
"2015-09-23","6","36630","0.0001638001638"
"2015-09-24","7","38665","0.000181042286305"
"2015-09-25","6","35855","0.00016734067773"
"2015-09-26","1","19027","5.25568928365e-05"
"2015-09-27","1","19019","5.25789999474e-05"
"2015-09-28","3","36723","8.16926721673e-05"
"2015-09-29","0","37405","0"
"2015-09-30","5","39344","0.000127084180561"
"2015-10-01","3","38873","7.7174388393e-05"
"2015-10-02","5","34937","0.000143114749406"
"2015-10-03","5","19200","0.000260416666667"
"2015-10-04","2","19295","0.00010365379632"
"2015-10-05","6","36312","0.000165234633179"
"2015-10-06","11","37384","0.000294243526642"
"2015-10-07","11","39975","0.000275171982489"
"2015-10-08","8","40175","0.00019912881145"
"2015-10-09","2","34751","5.75523006532e-05"
"2015-10-10","4","19806","0.000201959002323"
"2015-10-11","0","19086","0"
"2015-10-12","3","33361","8.99253619496e-05"
"2015-10-13","5","36862","0.000135641039553"
"2015-10-14","2","38271","5.22588905438e-05"
"2015-10-15","8","37679","0.000212319859869"
"2015-10-16","7","34851","0.000200855068721"
"2015-10-17","1","18202","5.49390176904e-05"
"2015-10-18","0","18228","0"
"2015-10-19","0","34752","0"
"2015-10-20","5","37121","0.000134694647235"
"2015-10-21","4","38648","0.00010349824053"
"2015-10-22","3","37939","7.90743034872e-05"
"2015-10-23","3","34474","8.70221036143e-05"
"2015-10-24","3","18995","0.000157936299026"
"2015-10-25","3","18411","0.000162946064853"
"2015-10-26","1","35775","2.79524807827e-05"
"2015-10-27","7","37354","0.000187396262783"
"2015-10-28","3","38705","7.7509365715e-05"
"2015-10-29","6","38830","0.000154519701262"
"2015-10-30","4","36078","0.000110870890848"
"2015-10-31","3","19920","0.000150602409639"
"2015-11-01","4","18828","0.000212449543233"
"2015-11-02","4","36041","0.000110984711856"
"2015-11-03","4","38201","0.000104709300804"
"2015-11-04","5","39526","0.000126499013308"
"2015-11-05","4","38554","0.000103750583597"
"2015-11-06","1","35917","2.7841968984e-05"
"2015-11-07","4","18195","0.000219840615554"
"2015-11-08","1","17936","5.57537912578e-05"
"2015-11-09","0","35158","0"
"2015-11-10","9","38340","0.000234741784038"
"2015-11-11","8","36947","0.000216526375619"
"2015-11-12","4","37793","0.000105839705766"
"2015-11-13","4","36428","0.00010980564401"
"2015-11-14","3","20855","0.000143850395589"
"2015-11-15","4","19332","0.000206910821436"
"2015-11-16","4","35869","0.000111516908751"
"2015-11-17","3","37026","8.10241451953e-05"
"2015-11-18","5","37671","0.000132728093228"
"2015-11-19","5","39408","0.000126877791311"
"2015-11-20","2","35224","5.67794685442e-05"
"2015-11-21","0","18803","0"
"2015-11-22","0","18538","0"
"2015-11-23","11","34375","0.00032"
"2015-11-24","4","35314","0.000113269524834"
"2015-11-25","2","33390","5.98981731057e-05"
"2015-11-26","1","20154","4.96179418478e-05"
"2015-11-27","1","23425","4.2689434365e-05"
"2015-11-28","0","17114","0"
"2015-11-29","2","18464","0.000108318890815"
"2015-11-30","2","34361","5.82055237042e-05"
"2015-12-01","0","35159","0"
"2015-12-02","2","36900","5.42005420054e-05"
"2015-12-03","14","37594","0.00037239985104"
"2015-12-04","4","33796","0.000118357202036"
"2015-12-05","2","18137","0.000110271820036"
"2015-12-06","0","19466","0"
"2015-12-07","2","34932","5.72540936677e-05"
"2015-12-08","3","36085","8.31370375502e-05"
"2015-12-09","1","38721","2.58257792929e-05"
"2015-12-10","5","37987","0.000131623976624"
"2015-12-11","6","33554","0.000178816236514"
"2015-12-12","1","18661","5.35876962649e-05"
"2015-12-13","2","17388","0.000115021854152"
"2015-12-14","2","33529","5.96498553491e-05"
"2015-12-15","3","36637","8.18844337691e-05"
"2015-12-16","3","37393","8.02289198513e-05"
"2015-12-17","2","36461","5.48531307424e-05"
"2015-12-18","5","32862","0.000152151421094"
"2015-12-19","1","17594","5.68375582585e-05"
"2015-12-20","1","17365","5.75871004895e-05"
"2015-12-21","1","31444","3.18025696476e-05"
"2015-12-22","5","32168","0.000155433971649"
"2015-12-23","4","30972","0.000129148908692"
"2015-12-24","1","22091","4.52673034267e-05"
"2015-12-25","6","13045","0.000459946339594"
"2015-12-26","1","14024","7.13063320023e-05"
"2015-12-27","1","15518","6.44412939812e-05"
"2015-12-28","2","27038","7.39699681929e-05"
"2015-12-29","3","28784","0.000104224569205"
"2015-12-30","0","29742","0"
"2015-12-31","3","26850","0.000111731843575"
"2016-01-01","0","17810","0"
"2016-01-02","1","17983","5.56080742924e-05"
"2016-01-03","2","17393","0.000114988788593"
"2016-01-04","9","33679","0.000267228836961"
"2016-01-05","19","36502","0.000520519423593"
"2016-01-06","7","39438","0.000177493787717"
"2016-01-07","2","39351","5.08246296155e-05"
"2016-01-08","1","37034","2.70022141816e-05"
"2016-01-09","2","20172","9.91473329367e-05"
"2016-01-10","2","20564","9.72573429294e-05"
"2016-01-11","2","39930","5.00876533934e-05"
"2016-01-12","5","38717","0.00012914223726"
"2016-01-13","4","39538","0.00010116849613"
"2016-01-14","9","39586","0.000227353104633"
"2016-01-15","1","38774","2.57904781555e-05"
"2016-01-16","2","20521","9.74611373715e-05"
"2016-01-17","0","20153","0"
"2016-01-18","5","28622","0.000174690797289"
"2016-01-19","5","38097","0.000131243929968"
"2016-01-20","26","39770","0.000653759114911"
"2016-01-21","9","40054","0.00022469665951"
"2016-01-22","2","41305","4.84202881007e-05"
"2016-01-23","3","21646","0.000138593735563"
"2016-01-24","0","19642","0"
"2016-01-25","3","36497","8.2198536866e-05"
"2016-01-26","20","38761","0.000515982559789"
"2016-01-27","3","41318","7.26075802314e-05"
"2016-01-28","5","41036","0.000121844234331"
"2016-01-29","3","37805","7.93545827272e-05"
"2016-01-30","5","20659","0.000242025267438"
"2016-01-31","1","18918","5.28597103288e-05"
"2016-02-01","2","36623","5.46104906753e-05"
"2016-02-02","2","37663","5.31025144041e-05"
"2016-02-03","3","39658","7.56467799687e-05"
"2016-02-04","5","39686","0.000125989013758"
"2016-02-05","2","36981","5.40818258024e-05"
"2016-02-06","5","20959","0.000238561000048"
"2016-02-07","4","18690","0.000214018191546"
"2016-02-08","11","34432","0.000319470260223"
"2016-02-09","8","37405","0.000213875150381"
"2016-02-10","8","38796","0.000206206825446"
"2016-02-11","6","43730","0.000137205579694"
"2016-02-12","8","35786","0.000223551109372"
"2016-02-13","3","20354","0.000147391176182"
"2016-02-14","3","16492","0.00018190637885"
"2016-02-15","21","25633","0.000819256427262"
"2016-02-16","15","37240","0.000402792696026"
"2016-02-17","12","38309","0.000313242319037"
"2016-02-18","6","38648","0.000155247360795"
"2016-02-19","3","35431","8.46716152522e-05"
"2016-02-20","2","19700","0.00010152284264"
"2016-02-21","3","18277","0.000164140723313"
"2016-02-22","3","35281","8.50316034126e-05"
"2016-02-23","5","38890","0.000128567755207"
"2016-02-24","7","38690","0.000180925303696"
"2016-02-25","7","39698","0.000176331301325"
"2016-02-26","4","38784","0.000103135313531"
"2016-02-27","1","20031","4.99226199391e-05"
"2016-02-28","0","21268","0"
"2016-02-29","0","36932","0"
"2016-03-01","3","40185","7.46547219112e-05"
"2016-03-02","4","39798","0.000100507563194"
"2016-03-03","3","40727","7.36612075527e-05"
"2016-03-04","4","37285","0.000107281748693"
"2016-03-05","2","19458","0.000102785486689"
"2016-03-06","1","19832","5.04235578862e-05"
"2016-03-07","4","33161","0.000120623624137"
"2016-03-08","5","35391","0.000141278856206"
"2016-03-09","3","36927","8.12413681046e-05"
"2016-03-10","2","36997","5.40584371706e-05"
"2016-03-11","3","33899","8.84981857872e-05"
"2016-03-12","5","17911","0.000279158059293"
"2016-03-13","20","16714","0.00119660165131"
"2016-03-14","30","33416","0.000897773521666"
"2016-03-15","21","37457","0.000560642870491"
"2016-03-16","7","36570","0.000191413727099"
"2016-03-17","6","35479","0.000169114123848"
"2016-03-18","8","32504","0.000246123554024"
"2016-03-19","4","17129","0.000233522097028"
"2016-03-20","1","16977","5.89032220062e-05"
"2016-03-21","0","32378","0"
"2016-03-22","5","33370","0.000149835181301"
"2016-03-23","4","33755","0.00011850096282"
"2016-03-24","5","35112","0.000142401458191"
"2016-03-25","2","27444","7.28756741e-05"
"2016-03-26","22","15282","0.00143960214632"
"2016-03-27","2","14698","0.000136072935093"
"2016-03-28","4","28726","0.000139246675486"
"2016-03-29","12","33316","0.000360187297395"
"2016-03-30","3","34299","8.74661068836e-05"
"2016-03-31","7","34645","0.000202049357772"
"2016-04-01","8","31873","0.000250996140934"
"2016-04-02","4","15937","0.000250988266299"
"2016-04-03","7","16616","0.000421280693308"
"2016-04-04","1","32389","3.08746796752e-05"
"2016-04-05","4","36339","0.000110074575525"
"2016-04-06","4","35695","0.000112060512677"
"2016-04-07","4","37614","0.000106343382783"
"2016-04-08","3","31875","9.41176470588e-05"
"2016-04-09","4","17161","0.000233086649962"
"2016-04-10","1","16738","5.97442944199e-05"
"2016-04-11","8","31649","0.00025277259945"
"2016-04-12","6","40997","0.00014635217211"
"2016-04-13","2","35981","5.55848920263e-05"
"2016-04-14","6","36728","0.000163363101721"
"2016-04-15","3","31405","9.55261900971e-05"
"2016-04-16","2","16433","0.000121706322643"
"2016-04-17","1","15560","6.42673521851e-05"
"2016-04-18","0","31091","0"
"2016-04-19","6","34476","0.000174034110686"
"2016-04-20","2","36397","5.49495837569e-05"
"2016-04-21","2","36347","5.50251740171e-05"
"2016-04-22","29","30839","0.000940367716204"
"2016-04-23","5","15521","0.00032214419174"
"2016-04-24","1","15825","6.31911532385e-05"
"2016-04-25","2","30545","6.54771648388e-05"
"2016-04-26","1","35082","2.85046462573e-05"
"2016-04-27","7","36985","0.000189265918616"
"2016-04-28","13","36689","0.000354329635586"
"2016-04-29","6","32971","0.000181978101968"
"2016-04-30","2","16915","0.000118238250074"
"2016-05-01","3","16094","0.000186404871381"
"2016-05-02","5","31023","0.000161170744286"
"2016-05-03","5","34996","0.000142873471254"
"2016-05-04","1","35690","2.8019052956e-05"
"2016-05-05","4","35146","0.000113810959995"
"2016-05-06","5","32891","0.000152017269162"
"2016-05-07","2","13712","0.00014585764294"
"2016-05-08","1","15863","6.30397781e-05"
"2016-05-09","5","31883","0.000156823385503"
"2016-05-10","4","35312","0.00011327594019"
"2016-05-11","4","35853","0.000111566675034"
"2016-05-12","7","35874","0.000195127390311"
"2016-05-13","4","32304","0.000123823675087"
"2016-05-14","2","15490","0.000129115558425"
"2016-05-15","1","15751","6.34880325059e-05"
"2016-05-16","5","30254","0.000165267402657"
"2016-05-17","2","38974","5.13162621235e-05"
"2016-05-18","7","35549","0.000196911305522"
"2016-05-19","6","34987","0.000171492268557"
"2016-05-20","3","30930","9.69932104753e-05"
"2016-05-21","1","15814","6.3235108132e-05"
"2016-05-22","2","15514","0.000128915817971"
"2016-05-23","8","30987","0.000258172782134"
"2016-05-24","2","34143","5.8577160765e-05"
"2016-05-25","6","36506","0.00016435654413"
"2016-05-26","7","34998","0.000200011429225"
"2016-05-27","3","30046","9.98469014178e-05"
"2016-05-28","1","15229","6.56641933154e-05"
"2016-05-29","2","15115","0.000132318888521"
"2016-05-30","0","18361","0"
"2016-05-31","3","32972","9.09862913988e-05"
"2016-06-01","10","35923","0.000278373187095"
"2016-06-02","11","35347","0.000311200384757"
"2016-06-03","3","31269","9.59416674662e-05"
"2016-06-04","5","15862","0.000315218761821"
"2016-06-05","0","15902","0"
"2016-06-06","7","31184","0.000224474089277"
"2016-06-07","5","36775","0.000135961930659"
"2016-06-08","6","35414","0.000169424521376"
"2016-06-09","13","35507","0.000366124989439"
"2016-06-10","7","31240","0.000224071702945"
"2016-06-11","10","15881","0.000629683269316"
"2016-06-12","2","18454","0.000108377587515"
"2016-06-13","1","32354","3.09080793719e-05"
"2016-06-14","5","34978","0.000142946995254"
"2016-06-15","6","40909","0.000146666992593"
"2016-06-16","6","35971","0.000166801034166"
"2016-06-17","2","31205","6.40922929018e-05"
"2016-06-18","0","15963","0"
"2016-06-19","3","16055","0.000186857676736"
"2016-06-20","6","32362","0.000185402632717"
"2016-06-21","9","34766","0.00025887361215"
"2016-06-22","2","35402","5.64939833908e-05"
"2016-06-23","6","35565","0.000168705187685"
"2016-06-24","6","32250","0.000186046511628"
"2016-06-25","4","16075","0.000248833592535"
"2016-06-26","1","16507","6.05803598473e-05"
"2016-06-27","1","30831","3.24348869644e-05"
"2016-06-28","3","34916","8.59204949021e-05"
"2016-06-29","11","35316","0.000311473553064"
"2016-06-30","8","36566","0.000218782475524"
"2016-07-01","3","33163","9.04622621596e-05"
"2016-07-02","1","16059","6.22703779812e-05"
"2016-07-03","1","15139","6.60545610674e-05"
"2016-07-04","0","18193","0"
"2016-07-05","4","31205","0.000128184585804"
"2016-07-06","13","34922","0.000372258175362"
"2016-07-07","25","35358","0.000707053566378"
"2016-07-08","9","32427","0.000277546489037"
"2016-07-09","4","16287","0.000245594646037"
"2016-07-10","1","16244","6.15611918247e-05"
"2016-07-11","4","34246","0.000116801962273"
"2016-07-12","1","34050","2.93685756241e-05"
"2016-07-13","7","34724","0.000201589678608"
"2016-07-14","6","35116","0.000170862284998"
"2016-07-15","5","36783","0.000135932360058"
"2016-07-16","1","15681","6.37714431478e-05"
"2016-07-17","3","16453","0.000182337567617"
"2016-07-18","1","34017","2.93970661728e-05"
"2016-07-19","2","35756","5.59346683074e-05"
"2016-07-20","3","37753","7.94638836649e-05"
"2016-07-21","2","38220","5.23286237572e-05"
"2016-07-22","5","32620","0.000153280196199"
"2016-07-23","1","15887","6.29445458551e-05"
"2016-07-24","2","16587","0.000120576354977"
"2016-07-25","13","33076","0.000393034224211"
"2016-07-26","10","36355","0.000275065328015"
"2016-07-27","3","38211","7.85114234121e-05"
"2016-07-28","8","37149","0.000215348999973"
"2016-07-29","6","32364","0.00018539117538"
"2016-07-30","1","15804","6.32751202227e-05"
"2016-07-31","1","16389","6.10165354811e-05"
"2016-08-01","9","32228","0.000279260270572"
"2016-08-02","10","35090","0.000284981476204"
"2016-08-03","4","36176","0.000110570544007"
"2016-08-04","3","35418","8.47026935457e-05"
"2016-08-05","8","34344","0.000232937339856"
"2016-08-06","1","16652","6.00528465049e-05"
"2016-08-07","0","17365","0"
"2016-08-08","6","32838","0.000182715147086"
"2016-08-09","0","35237","0"
"2016-08-10","6","35821","0.00016749951146"
"2016-08-11","19","35583","0.000533962847427"
"2016-08-12","7","33443","0.000209311365607"
"2016-08-13","1","17005","5.88062334607e-05"
"2016-08-14","1","17901","5.58628009608e-05"
"2016-08-15","8","38435","0.000208143619097"
"2016-08-16","9","57911","0.000155410889123"
"2016-08-17","6","50743","0.000118242910352"
"2016-08-18","7","51652","0.000135522341826"
"2016-08-19","5","39543","0.000126444629897"
"2016-08-20","2","19574","0.000102176356391"
"2016-08-21","1","19301","5.18107870059e-05"
"2016-08-22","8","38096","0.000209995800084"
"2016-08-23","5","49654","0.000100696822008"
"2016-08-24","5","52527","9.51891408228e-05"
"2016-08-25","1","44230","2.26090888537e-05"
"2016-08-26","3","41899","7.16007541946e-05"
"2016-08-27","16","26030","0.000614675374568"
"2016-08-28","4","27056","0.000147841513897"
"2016-08-29","85","43771","0.00194192501885"
"2016-08-30","8","46233","0.000173036575606"
"2016-08-31","13","48960","0.000265522875817"
"2016-09-01","11","54071","0.000203436222744"
"2016-09-02","4","42327","9.45023271198e-05"
"2016-09-03","0","25259","0"
"2016-09-04","2","25358","7.88705733891e-05"
"2016-09-05","4","33708","0.000118666192002"
"2016-09-06","12","43214","0.000277687786366"
"2016-09-07","11","48682","0.000225956205579"
"2016-09-08","13","53644","0.000242338378943"
"2016-09-09","6","48940","0.00012259910094"
"2016-09-10","6","27752","0.000216200634189"
"2016-09-11","5","28584","0.000174923033865"
"2016-09-12","14","50033","0.000279815321888"
"2016-09-13","7","53278","0.0001313863133"
"2016-09-14","4","52520","7.61614623001e-05"
"2016-09-15","11","51296","0.000214441671865"
"2016-09-16","7","41132","0.000170183798502"
"2016-09-17","13","22621","0.000574687237523"
"2016-09-18","0","24618","0"
"2016-09-19","2","42758","4.67748725385e-05"
"2016-09-20","9","45689","0.000196983956751"
"2016-09-21","2","50164","3.98692289291e-05"
"2016-09-22","8","55052","0.00014531715469"
"2016-09-23","5","50079","9.98422492462e-05"
"2016-09-24","3","28860","0.00010395010395"
"2016-09-25","1","28494","3.5095107742e-05"
"2016-09-26","22","53343","0.000412425247924"
"2016-09-27","6","54676","0.000109737361914"
"2016-09-28","21","48007","0.00043743620722"
"2016-09-29","7","45325","0.00015444015444"
"2016-09-30","2","41812","4.78331579451e-05"
"2016-10-01","1","22215","4.50146297547e-05"
"2016-10-02","0","25172","0"
"2016-10-03","50","49359","0.00101298648676"
"2016-10-04","20","51274","0.000390061239615"
"2016-10-05","15","54614","0.000274654850405"
"2016-10-06","13","55559","0.000233985492899"
"2016-10-07","22","41708","0.000527476743071"
"2016-10-08","1","23475","4.25985090522e-05"
"2016-10-09","4","25681","0.000155757174565"
"2016-10-10","9","40852","0.000220307451288"
"2016-10-11","5","46741","0.000106972465287"
"2016-10-12","4","40281","9.93024006355e-05"
"2016-10-13","4","47283","8.45970010363e-05"
"2016-10-14","2","41568","4.81139337952e-05"
"2016-10-15","1","22476","4.44919024737e-05"
"2016-10-16","0","22347","0"
"2016-10-17","4","42790","9.34797849965e-05"
"2016-10-18","3","43950","6.82593856655e-05"
"2016-10-19","4","48357","8.27181173356e-05"
"2016-10-20","4","47681","8.38908579938e-05"
"2016-10-21","9","41012","0.000219447966449"
"2016-10-22","6","21767","0.000275646621032"
"2016-10-23","2","22624","8.84016973126e-05"
"2016-10-24","9","43831","0.00020533412425"
"2016-10-25","1","49750","2.01005025126e-05"
"2016-10-26","1","51068","1.95817341584e-05"
"2016-10-27","9","51679","0.000174151976625"
"2016-10-28","5","43107","0.000115990442388"
"2016-10-29","0","21958","0"
"2016-10-30","3","22498","0.000133345186239"
"2016-10-31","4","42001","9.52358277184e-05"
"2016-11-01","4","44948","8.89917237697e-05"
"2016-11-02","6","45922","0.000130656330299"
"2016-11-03","11","48255","0.000227955652264"
"2016-11-04","8","43471","0.000184030733132"
"2016-11-05","4","23200","0.000172413793103"
"2016-11-06","1","24431","4.09316032909e-05"
"2016-11-07","4","44576","8.97343862168e-05"
"2016-11-08","3","47276","6.34571452746e-05"
"2016-11-09","7","51399","0.000136189420028"
"2016-11-10","2","47143","4.24241138663e-05"
"2016-11-11","11","41716","0.000263687793652"
"2016-11-12","4","22524","0.000177588350204"
"2016-11-13","2","24560","8.14332247557e-05"
"2016-11-14","7","44431","0.000157547658167"
"2016-11-15","4","48124","8.31186102568e-05"
"2016-11-16","18","46795","0.000384656480393"
"2016-11-17","7","47488","0.000147405660377"
"2016-11-18","2","47368","4.22225975342e-05"
"2016-11-19","4","22860","0.000174978127734"
"2016-11-20","2","23888","8.37240455459e-05"
"2016-11-21","2","42650","4.68933177022e-05"
"2016-11-22","1","44209","2.26198285417e-05"
"2016-11-23","10","41395","0.000241575069453"
"2016-11-24","2","24557","8.1443173026e-05"
"2016-11-25","6","29011","0.000206818103478"
"2016-11-26","1","21531","4.64446611862e-05"
"2016-11-27","0","22080","0"
"2016-11-28","1","41572","2.40546521697e-05"
"2016-11-29","9","46173","0.00019491910857"
"2016-11-30","7","49702","0.000140839402841"
"2016-12-01","5","48582","0.000102918776502"
"2016-12-02","18","42633","0.000422208148617"
"2016-12-03","0","23327","0"
"2016-12-04","3","25719","0.000116645281698"
"2016-12-05","6","46363","0.00012941354097"
"2016-12-06","12","47161","0.000254447530799"
"2016-12-07","9","44813","0.000200834579252"
"2016-12-08","3","44790","6.69792364367e-05"
"2016-12-09","14","45279","0.000309194107644"
"2016-12-10","7","22506","0.000311028170266"
"2016-12-11","1","22531","4.43832941281e-05"
"2016-12-12","6","43072","0.000139301634473"
"2016-12-13","1","47518","2.10446567616e-05"
"2016-12-14","4","49327","8.10914914753e-05"
"2016-12-15","5","46354","0.000107865556371"
"2016-12-16","4","42263","9.46454345409e-05"
"2016-12-17","1","21245","4.70698987997e-05"
"2016-12-18","1","22135","4.51773209849e-05"
"2016-12-19","3","40464","7.41399762752e-05"
"2016-12-20","6","36747","0.000163278634991"
"2016-12-21","6","42381","0.000141572874637"
"2016-12-22","13","42589","0.000305243137899"
"2016-12-23","3","35095","8.54822624305e-05"
"2016-12-24","1","18381","5.44040041347e-05"
"2016-12-25","0","15664","0"
"2016-12-26","5","22524","0.000221985437755"
"2016-12-27","2","33770","5.92241634587e-05"
"2016-12-28","1","34024","2.93910181049e-05"
"2016-12-29","3","34256","8.75758991126e-05"
"2016-12-30","1","33063","3.02452892962e-05"
"2016-12-31","1","21075","4.74495848161e-05"
